articleId,created_at,likes_counts,region,content,authorName,authorGender,authorAddress,authorAvatar
5013930148103267,2024-03-21,2,é»‘é¾™æ±Ÿ,è„±äº†å¹²,è…Š8888,m,é»‘é¾™æ±Ÿ,"https://tvax1.sinaimg.cn/crop.0.0.1080.1080.180/006bualLly8hnyanzhwo3j30u00u0766.jpg?KID=imgbed,tva&Expires=1712662645&ssig=Vvp%2BSfzaaV"
5013930148103267,2024-03-20,2,å››å·,çœŸé¥¿äº†,äº‘çƒŸæˆé›¨122,m,å››å· æˆéƒ½,"https://tvax2.sinaimg.cn/crop.0.0.300.300.180/82cd5e7fly8hklc8kutqej208c08c74c.jpg?KID=imgbed,tva&Expires=1712662645&ssig=6ZjX2KvNvE"
5013930148103267,2024-03-20,0,é™•è¥¿,ä¸€çœ‹å°±æ˜¯çœŸçˆ±ã€‚,äº‘ç…å…ˆç”Ÿ,m,é™•è¥¿ æ¦†æ—,"https://tvax2.sinaimg.cn/crop.0.0.986.986.180/7394d55bly8gwwz9s1tzvj20re0re3zu.jpg?KID=imgbed,tva&Expires=1712662645&ssig=3mVxyLzGRE"
5013930148103267,2024-03-20,0,æ²³å—,6,ç”¨æˆ·7803886933,m,å…¶ä»–,"https://tvax1.sinaimg.cn/crop.0.0.132.132.180/008w8ju5ly4h8hz1uhqclj303o03oq2s.jpg?KID=imgbed,tva&Expires=1712662645&ssig=VdMKprp%2FfJ"
5013930148103267,2024-03-20,0,è¾½å®,ä»¥è¿›å…¥å¿˜æˆ‘å¢ƒç•Œå•¦,ç”¨æˆ·7833982785,m,å…¶ä»–,"https://tvax3.sinaimg.cn/crop.0.0.132.132.180/008yaAN3ly4hd4upoow7dj303o03oglg.jpg?KID=imgbed,tva&Expires=1712662645&ssig=EISy%2Bxeckk"
5013930148103267,2024-03-20,0,åŒ—äº¬,æ‚æ‚æŠ±æŠ±äº²äº²ä¸è¿‡åˆ†,zhouä¸‰çˆ·,m,åŒ—äº¬,"https://tvax4.sinaimg.cn/crop.0.0.512.512.180/006QuTvYly8fojn9h9qyoj30e80e8q36.jpg?KID=imgbed,tva&Expires=1712662645&ssig=pGAob5gA3s"
5012464427073802,2024-03-16,22,ç¾å›½,éå¸¸æ­£ç¢ºï¼Œè¦ªæƒ…ä¸Šè¼©å­æ¬ çš„å¯èƒ½èˆå¼ƒè¦è²»é»å‹å…’â‹¯â‹¯,30å¹´ä¸æ¢æ‰‹æœºå·çš„äºº,f,å…¶ä»–,"https://tvax1.sinaimg.cn/crop.0.0.1080.1080.180/b09b5aa5ly8hneou2n2p2j20u00u0diu.jpg?KID=imgbed,tva&Expires=1712662646&ssig=ms7VJqXdEx"
5012464427073802,2024-03-20,0,è´µå·,æˆ‘å»å“ªé‡Œæ‰¾æ—¶é—´åˆ°ä½ç»æµåˆ°ä½é™ªä¼´åˆ°ä½çš„ï¼Œå‘ä¸ªå®šä½ç»™æˆ‘[å…æ‚²],huguill,f,è´µå· éµä¹‰,"https://tvax2.sinaimg.cn/crop.39.0.881.881.180/0066mp2aly8hoh5rfrr0oj30qo0oh74x.jpg?KID=imgbed,tva&Expires=1712662646&ssig=Zeup9RdUZs"
5012464427073802,2024-03-16,23,æ–°ç–†,ç¨»ç››å’Œå¤«æ˜¯ä¸ªçƒ¹é¥ªé«˜æ‰‹ï¼Œå°¤å…¶æ“…é•¿ç†¬é¸¡æ±¤[å˜»å˜»],è¿™é‡Œä¸–ç•Œå°±æ˜¯å¼ çˆ±ç²çš„åä¸½çš®è¢,m,å…¶ä»–,"https://tva3.sinaimg.cn/crop.0.0.480.480.180/d0949130jw8eisd462bknj20dc0dc0to.jpg?KID=imgbed,tva&Expires=1712662646&ssig=eg69YOKMRQ"
5012464427073802,2024-03-16,2,æ²³å—,[good],æˆ‘æ˜¯ç«¥å°æ„‰,m,å…¶ä»–,"https://tvax1.sinaimg.cn/crop.0.0.331.331.180/008skjdKly8h1agof1c8pj3097097jrw.jpg?KID=imgbed,tva&Expires=1712662646&ssig=fI%2FWrZsYT8"
5012464427073802,2024-03-16,3,æµ™æ±Ÿ,å¯æ˜¯çœŸçš„å¥½å–œæ¬¢ä»–[æ‚²ä¼¤],å¼ å¼ Zz6688,f,æµ™æ±Ÿ,"https://tvax1.sinaimg.cn/crop.0.0.1080.1080.180/006CQ4kUly8hkz641dkwrj30u00u0n0c.jpg?KID=imgbed,tva&Expires=1712662646&ssig=p5RicCrL0L"
5012464427073802,2024-03-16,6,ç¦å»º,è€å“¥åˆ†äº«ï¼šäºº ç”Ÿ éš¾å¿˜çš„æ˜¯å‹è°Šï¼Œ å¯è´µçš„æ˜¯çœŸæƒ…ï¼Œ æ¬£æ…°çš„æ˜¯ç¼˜åˆ†ï¼Œ çè´µçš„æ˜¯å¥åº·ï¼ æ—©ä¸Šå¥½ï¼æ„¿æ—¶å…‰ä¸è€ï¼Œæˆ‘ä»¬éƒ½å¥½ï¼[æŠ±æ‹³][æŠ±æ‹³],è“å…‰çš„ä¹¦æˆ¿,m,ç¦å»º ç¦å·,"https://tvax3.sinaimg.cn/crop.0.0.1080.1080.180/596bb8e1ly8hb6oks9mfhj20u00u0aej.jpg?KID=imgbed,tva&Expires=1712662646&ssig=0ECYG88EJ1"
5012464427073802,2024-03-16,5,é‡åº†,N0NOå¯¼å¸ˆï¼šç¨»ç››å’Œå¤«å…ˆç”Ÿâ€¦â€¦[é£æœº]ï¼ˆæ‚¨ä¸ç†è§£ä¸­å›½ç»“[å¿ƒ]ï¼‰ğŸ™ğŸ™ğŸ™ğŸ™,éšå½¢çš„ç¿…è†€a23,f,é‡åº†,"https://tvax1.sinaimg.cn/crop.0.0.539.539.180/006ddYwMly8hngcxisbw9j30ez0ez74l.jpg?KID=imgbed,tva&Expires=1712662646&ssig=JDQ%2FsR5qMm"
5012464427073802,2024-03-16,0,ç¦å»º,[èµ][èµ][èµ][èµ],è“å…‰çš„ä¹¦æˆ¿,m,ç¦å»º ç¦å·,"https://tvax3.sinaimg.cn/crop.0.0.1080.1080.180/596bb8e1ly8hb6oks9mfhj20u00u0aej.jpg?KID=imgbed,tva&Expires=1712662646&ssig=0ECYG88EJ1"
5012464427073802,2024-03-19,1,å¹¿è¥¿,[å¨æ­¦],ç‹ç‹æ‚¦å˜‰Gin,f,å››å· æˆéƒ½,"https://tvax1.sinaimg.cn/crop.0.0.1080.1080.180/8c73b717ly8h9xrewbytzj20u00u0afk.jpg?KID=imgbed,tva&Expires=1712662646&ssig=938rSW0gM5"
5012464427073802,2024-03-16,3,ç”˜è‚ƒ,äººå’Œäººçš„äº¤å¾€ä¹Ÿå¦‚æ­¤,å¤§ç‚¹918,m,å…¶ä»–,"https://tvax2.sinaimg.cn/crop.0.0.400.400.180/007BZT0ily8fzlakzx2eyj30b40b442a.jpg?KID=imgbed,tva&Expires=1712662646&ssig=8kJj%2Fcwz%2B2"
5012464427073802,2024-04-04,0,è¾½å®,å…‰é™ªä¼´æœ‰ä»€ä¹ˆç”¨,ç±³ç²’è¿·ç¦»é¡ä¸½,f,è¾½å®,"https://tva2.sinaimg.cn/crop.0.6.1242.1242.180/005J7MX4jw8fcnxvz0yk8j30yi0yudio.jpg?KID=imgbed,tva&Expires=1712662646&ssig=GD4VhnLsdw"
5012464427073802,2024-04-02,0,æ²³å—,[ç¬‘è€Œä¸è¯­][ç¬‘è€Œä¸è¯­],Allenå†·çœ¸9508,m,æ²³å—,"https://tvax4.sinaimg.cn/crop.0.0.1024.1024.180/00859swGly8h4fttmcmk0j30sg0shdhm.jpg?KID=imgbed,tva&Expires=1712662646&ssig=IFSnzWOO39"
5012464427073802,2024-03-26,0,è¾½å®,[å¿ƒ][å¿ƒ][å¿ƒ],å¿ƒå¦‚ç„é“juan,f,æ²³å—,"https://tvax3.sinaimg.cn/crop.0.0.996.996.180/0065T48Vly8gcyx65et1sj30ro0rojv3.jpg?KID=imgbed,tva&Expires=1712662646&ssig=ywMZmzjK09"
5012464427073802,2024-03-26,0,è¾½å®,[å¿ƒ],å¿ƒå¦‚ç„é“juan,f,æ²³å—,"https://tvax3.sinaimg.cn/crop.0.0.996.996.180/0065T48Vly8gcyx65et1sj30ro0rojv3.jpg?KID=imgbed,tva&Expires=1712662646&ssig=ywMZmzjK09"
5012464427073802,2024-03-24,0,å±±è¥¿,[èµ],å±±è¥¿å¤ªåŸå®‰,m,å±±è¥¿ å¤ªåŸ,"https://tva3.sinaimg.cn/crop.0.0.180.180.180/9bfabfe5jw1e8qgp5bmzyj2050050aa8.jpg?KID=imgbed,tva&Expires=1712662646&ssig=EvpNusAg%2FJ"
5012464427073802,2024-03-20,0,æµ™æ±Ÿ,[å¿ƒ][å¿ƒ],æƒ³ç€æ³•å„¿æ‰¾å¹³è¡¡,m,æµ™æ±Ÿ,"https://tvax4.sinaimg.cn/crop.0.0.996.996.180/006noGPcly8fxjduyxqs1j30ro0ro76u.jpg?KID=imgbed,tva&Expires=1712662646&ssig=6UgQufnwPl"
5012464427073802,2024-03-19,0,æµ™æ±Ÿ,[good],äººä¸–å› æƒ…,f,åŒ—äº¬,"https://tvax4.sinaimg.cn/crop.0.0.960.960.180/d36978f5ly8fzbhv1da0ej20qo0qojtd.jpg?KID=imgbed,tva&Expires=1712662646&ssig=eM6%2BT9zOpi"
5012464427073802,2024-03-19,0,æµ™æ±Ÿ,[é²œèŠ±],äººä¸–å› æƒ…,f,åŒ—äº¬,"https://tvax4.sinaimg.cn/crop.0.0.960.960.180/d36978f5ly8fzbhv1da0ej20qo0qojtd.jpg?KID=imgbed,tva&Expires=1712662646&ssig=eM6%2BT9zOpi"
5012464427073802,2024-03-18,0,é»‘é¾™æ±Ÿ,[é²œèŠ±],å¤§è5482,f,å…¶ä»–,"https://tvax4.sinaimg.cn/crop.0.0.132.132.180/0073bR08ly8fnf15mlejvj303o03oa9w.jpg?KID=imgbed,tva&Expires=1712662646&ssig=hpLIAe7HlN"
5019720942881816,2024-04-05,1,æµ™æ±Ÿ,å¦‚ä½•æ‰èƒ½è®©å¥³ç¥¨é£ä¸Šå¤©ï¼Ÿï¼http://t.cn/A6Y1IzMU,çœŸæç¬‘æ’è¡Œæ¦œ,f,åŒ—äº¬,"https://tvax4.sinaimg.cn/crop.0.0.877.877.180/b4527007ly8hmzqrjvncqj20od0oddgt.jpg?KID=imgbed,tva&Expires=1712662648&ssig=ZCvBrWJC1b"
5019720942881816,2024-04-05,2,å¹¿ä¸œ,å¹²å•¥éƒ½æ˜¯ä¸€å‰¯ç¬‘è„¸[å…æ‚²]ï¼Œç¬‘å®¹ç„Šè„¸ä¸Šäº†,chuensm,f,å…¶ä»–,"https://tvax4.sinaimg.cn/crop.0.0.1080.1080.180/0079icwely8hoghx4oo4zj30u00u077r.jpg?KID=imgbed,tva&Expires=1712662648&ssig=AQJ9LVuHhB"
5019720942881816,2024-04-06,2,å±±ä¸œ,è¿™è¿˜å«å¤§ï¼Ÿ,ä½ çœ‹èµ·çœŸå¥½åƒw,m,å±±ä¸œ,"https://tvax4.sinaimg.cn/crop.0.0.1000.1000.180/0064BIp1ly8hhi5mrzkiwj30rs0rs75e.jpg?KID=imgbed,tva&Expires=1712662648&ssig=0jkn6YUmaC"
5019720942881816,2024-04-07,1,å¹¿è¥¿,é—®é—®å‘€[å¿ƒ],L_xxxT,m,å±±ä¸œ ä¸œè¥,"https://tvax1.sinaimg.cn/crop.0.0.948.948.180/c58585c7ly8hohxwg5ccdj20qc0qcabq.jpg?KID=imgbed,tva&Expires=1712662648&ssig=w0aefVqbqI"
5019720942881816,2024-04-06,1,æ¹–åŒ—,è¿™å…¥è¡Œä¸å¤ªè¡Œï¼Œæˆ‘è¿˜æ˜¯å–œæ¬¢èˆ±è€è¯—é‚£ç§ï¼Œè¿™å±äºæŒ¤å‡ºæ¥çš„[ç¬‘cry],åˆ˜äº¦è²æœ€ç¾ä»™å¥³,m,ä¸Šæµ· å´‡æ˜å¿,"https://tvax1.sinaimg.cn/crop.0.0.1080.1080.180/005THQQyly8hch61xh0idj30u00u0whh.jpg?KID=imgbed,tva&Expires=1712662648&ssig=hyOlAhGgAY"
5019720942881816,2024-04-08,0,é»‘é¾™æ±Ÿ,[å¾®ç¬‘],æˆ˜é¾™æ˜Ÿé­‚36172,m,å…¶ä»–,"https://tvax4.sinaimg.cn/crop.0.0.996.996.180/007YEcazly8gw69eybiuvj30ro0rogmh.jpg?KID=imgbed,tva&Expires=1712662648&ssig=zyie6Kq0Oj"
5019720942881816,2024-04-08,0,å¹¿ä¸œ,æä¸€æ¡æ˜¯ä»€ä¹ˆæ—¶å€™å»éš†èƒ¸çš„[ç¬‘cry],å¤§ç±³æ˜¯sinner_335,m,å¹¿ä¸œ,"https://tvax4.sinaimg.cn/crop.0.0.996.996.180/9001ed71ly8fgvnno5wfej20ro0rpgod.jpg?KID=imgbed,tva&Expires=1712662648&ssig=5lSRkSHsOe"
5019720942881816,2024-04-07,0,å¹¿è¥¿,ç½‘æ˜“æ‰‹æ¸¸é€†æ°´å¯’é‡Œé¢é‚£äº›å¥³npcé•¿å¾—å¥½åƒæä¸€æ¡[doge],è„¸è–„888,m,å¹¿è¥¿,"https://tvax2.sinaimg.cn/crop.0.0.996.996.180/690b7fdfly8gqrlcf7zrpj20ro0ro78a.jpg?KID=imgbed,tva&Expires=1712662648&ssig=IeelOPv8AD"
5019720942881816,2024-04-06,2,è¾½å®,å¥½åƒåœ¨é‚£ä¸¤ä¸ªå‡¸èµ·çš„ä½ç½®å“å°ä¸€å£å•Š[doge],å…ƒç´ æµå…‰,m,è¾½å® æ²ˆé˜³,"https://tvax2.sinaimg.cn/crop.0.0.640.640.180/008uMusAly8hdmf8j064pj30hs0hswfj.jpg?KID=imgbed,tva&Expires=1712662648&ssig=fixss7tjCi"
5019720942881816,2024-04-06,0,æ²³å—,è¿™å¥—æ˜¯å•¥æ—¶å€™çš„,åªåœ¨æ—¶å…‰é‡Œçš„ç©ºåŸ,m,æ²³å—,"https://tvax4.sinaimg.cn/crop.0.0.303.303.180/0083Unwlly8h0qvjc2mu3j308f08fglt.jpg?KID=imgbed,tva&Expires=1712662648&ssig=lfW6wq56RU"
5019720942881816,2024-04-06,0,æ±Ÿè‹,å–œæ¬¢[äºŒå“ˆ]çˆ±çœ‹,æ— é”¡å¸‚é»‘å¿ƒå¸‚æ°‘,m,å…¶ä»–,"https://tvax1.sinaimg.cn/crop.0.0.853.853.180/006SwrI2ly8gyp0rn6cnxj30np0npgmc.jpg?KID=imgbed,tva&Expires=1712662648&ssig=jPXNSF8DWy"
5019720942881816,2024-04-06,1,ä¸Šæµ·,ä¸å¤§,SSRS1993614,m,å…¶ä»–,"https://tvax1.sinaimg.cn/crop.0.0.1002.1002.180/005Y8nhqly8fo3wy0za4ej30ru0ruacb.jpg?KID=imgbed,tva&Expires=1712662648&ssig=Jt4lAXXqX1"
5019720942881816,2024-04-07,0,æ²³åŒ—,å“ˆå“ˆå“ˆ,å­—å¥ä¹‹é—´ä¸åˆ†,m,å…¶ä»–,"https://tvax4.sinaimg.cn/crop.0.0.940.940.180/008BmgY0ly8hok1niyl7ij30q40q4wfb.jpg?KID=imgbed,tva&Expires=1712662648&ssig=T5rtuLhvKO"
5019720942881816,2024-04-06,1,å±±è¥¿,æ¨é”…é‡‘èŠ±ç‰›ç‰›è€çš„è”ç³»,ç”¨æˆ·6552427374,m,å±±è¥¿,"https://tvax1.sinaimg.cn/crop.0.0.881.881.180/0079rjGuly8hohb1y408wj30oh0oh772.jpg?KID=imgbed,tva&Expires=1712662648&ssig=SsjnFt4v7p"
5019720942881816,2024-04-06,0,æµ™æ±Ÿ,çœŸæ¼‚äº®[èµ],ç”¨æˆ·7389138261,f,å…¶ä»–,"https://tvax1.sinaimg.cn/default/images/default_avatar_female_180.gif?KID=imgbed,tva&Expires=1712662648&ssig=MxMpi7E96%2B"
5019720942881816,2024-04-06,0,ç”˜è‚ƒ,[doge][doge][doge][doge],è°å®¶çš„å°å­199304,m,å…¶ä»–,"https://tvax1.sinaimg.cn/default/images/default_avatar_male_180.gif?KID=imgbed,tva&Expires=1712662648&ssig=fPe1L97j0x"
