id,likeNum,commentsLen,reposts_count,region,content,contentLen,created_at,type,detailUrl,authorAvatar,authorName,authorDetail,isVip
5013930148103267,3163,19,10,å±±ä¸œ,å¥¹ä»¬æ˜¯ä¸æ˜¯å¿˜äº†å¨æˆ¿ä¹Ÿæœ‰ç›‘æ§â€¦â€¦[åƒç“œ] http://t.cn/A6TZPTZu â€‹,57,2024-03-20,çƒ­é—¨,https://weibo.com/5013930148103267/O5QnYy01R,"https://tvax4.sinaimg.cn/crop.0.0.511.511.180/008pfF3aly8hnnex9jbt8j30e70e7mxk.jpg?KID=imgbed,tva&Expires=1712662621&ssig=ZKwCr7KUnY",é²å®‰å¨œ,https://weibo.com/u/7702203776,0
5012464427073802,5118,399,2198,å¹¿ä¸œ,"æ— è®ºæ˜¯ä»€ä¹ˆå…³ç³»ï¼Œæä¾›ä¸äº†æƒ…ç»ªä»·å€¼ï¼Œç»™äºˆä¸äº†ç»æµæ”¯æŒï¼Œç»™ä¸äº†æ­£é¢é™ªä¼´ï¼Œä¸‰ç‚¹ä¸å ä¸€æ ·ï¼Œèˆå¼ƒæ‰æ˜¯æ˜æ™ºä¹‹ä¸¾ã€‚

â€”â€” ç¨»ç››å’Œå¤« â€‹",115,2024-03-16,çƒ­é—¨,https://weibo.com/5012464427073802/O5efUtGdA,"https://tvax2.sinaimg.cn/crop.0.0.996.996.180/9cd221f1ly8gw1u38g43xj20ro0rotat.jpg?KID=imgbed,tva&Expires=1712662621&ssig=c%2B15mV6fYa",éœ¹é›³ç‚®,https://weibo.com/u/2631016945,1
5019720942881816,5636,54,34,æµ™æ±Ÿ,æä¸€æ¡å°±æ˜¯ä»è¿™å¥—å¼€å§‹ï¼Œæ‰¾åˆ°æµé‡å¯†ç çš„å§[è‰²]  â€‹â€‹â€‹ http://t.cn/A6TiLSk1 â€‹,71,2024-04-05,çƒ­é—¨,https://weibo.com/5019720942881816/O8h1Yc5GU,"https://tvax4.sinaimg.cn/crop.0.0.877.877.180/b4527007ly8hmzqrjvncqj20od0oddgt.jpg?KID=imgbed,tva&Expires=1712662621&ssig=xtZSuNCPCp",çœŸæç¬‘æ’è¡Œæ¦œ,https://weibo.com/u/3025301511,0
5019369362949690,3528,112,38,æ²³åŒ—,è¯·æ‚¨æ”¾æ…¢è„šæ­¥ï¼Œè€½è¯¯æ‚¨ä¸€ç§’é’Ÿï¼Œï¼Œä¸ºä¸¤å¼¹ä¸€æ˜Ÿå…ƒå‹‹é’±ä¸ƒè™é™¢å£«çŒ®ä¸Šä¸€æœµèŠ±ã€‚è‡´æ•¬ï¼ â€‹,72,2024-04-04,çƒ­é—¨,https://weibo.com/5019369362949690/O87SUcnlE,"https://tvax4.sinaimg.cn/crop.0.0.1023.1023.180/006Iy73Ily8hhj5pisbbmj30sg0sfjt7.jpg?KID=imgbed,tva&Expires=1712662621&ssig=RmobwSv9pi",åæ§½å¤§äº¨,https://weibo.com/u/6155086066,0
4996005386520851,19345,424,110,å››å·,è¿™æ˜¯åœ¨æ¹–åŒ—çš„ç½‘å‹æ‹æ‘„çš„ï¼Œå¥¹çœ‹åˆ°æœ‰ä½è€äººæ‘”å€’æ»¡è„¸éƒ½æ˜¯è¡€ï¼Œè·¯è¿‡çš„ä¸¤ä½å¤§å“¥è™½ç„¶å¿ƒå­˜é¡¾è™‘ï¼Œä½†è¿˜æ˜¯ä¼¸å‡ºäº†æ´åŠ©ä¹‹æ‰‹ï¼Œå°†è€äººæ‰¶åˆ°è½®æ¤…ä¸Šï¼Œç›®å‰å·²ç»é€åˆ°åŒ»é™¢å»ï¼Œå¸Œæœ›è€äººæ²¡æœ‰å¤§ç¢ï¼Œä¸ºå¥½å¿ƒäººç‚¹èµ#ä¸­å›½##è€äºº##æ­£èƒ½é‡# http://t.cn/A6jlf2wo â€‹,213,2024-01-30,çƒ­é—¨,https://weibo.com/4996005386520851/NEhxormn1,"https://tvax1.sinaimg.cn/crop.0.0.1023.1023.180/008uIbQjly8hmpxm3bgvoj30sg0sfgo7.jpg?KID=imgbed,tva&Expires=1712662621&ssig=4ZgkHlgwzF",å—å½’å­¤å¤·,https://weibo.com/u/7782884695,1
5019895605756240,2155,432,107,æ²³å—,å´æ˜•ä¸è¢‹é¼ [å®³ç¾] â€‹,16,2024-04-05,çƒ­é—¨,https://weibo.com/5019895605756240/O8lzGo9sA,"https://tvax2.sinaimg.cn/crop.0.0.1080.1080.180/006eZrGtly8glcbvc8a8tj30u00u0tav.jpg?KID=imgbed,tva&Expires=1712662621&ssig=VWKLcrE85V",å¦¹çº¸,https://weibo.com/u/5718310125,0
5008977159001659,20182,704,88,æ¹–åŒ—,ä¿å®‰å‘¢ï¼Œå¼€å¤´å°±æ”¾ç‹ç‚¸ http://t.cn/A6YuVsz1 â€‹,41,2024-03-06,çƒ­é—¨,https://weibo.com/5008977159001659/O3LxhBLK3,"https://tvax1.sinaimg.cn/crop.0.0.1080.1080.180/008xUx5Sly8hl4oav52i2j30u00u0q4n.jpg?KID=imgbed,tva&Expires=1712662621&ssig=IfFdYaTvOL",BeautyFeelingss,https://weibo.com/u/7830155328,0
5005438799843828,55234,1564,556,å¹¿ä¸œ,"æ³è¯·æ‚¨åœç•™ä¸€ç§’é’Ÿï¼Œå‘å¥¹è‡´æ•¬ï¼
æ­¦è­¦æœ€ç¾æœ±ç²çƒˆå£«ï¼Œä¸ºé¿å…é‡å¤§äº‹æ•…è€Œæ®‰èŒï¼Œç‰ºç‰²æ—¶æ‰30å²ï¼[èœ¡çƒ›][èœ¡çƒ›] è‡´æ•¬ç»™å·¾å¸¼è‹±é›„ï¼ â€‹ â€‹â€‹â€‹",122,2024-02-25,çƒ­é—¨,https://weibo.com/5005438799843828/O2hufFiPq,"https://tvax3.sinaimg.cn/crop.0.0.1080.1080.180/7eec8e3aly8h92dtmqpdjj20u00u0n0b.jpg?KID=imgbed,tva&Expires=1712662621&ssig=KXvroBVSQg",èŒ¶äººæœ‰è¯è¯´,https://weibo.com/u/2129432122,1
5005733135909134,4079,80,30,å®‰å¾½,æˆ‘ç›¸ä¿¡ ä»–ä¸€å®šæœ‰è¿‡äººä¹‹å¤„ http://t.cn/A6YlUgZi â€‹,44,2024-02-26,çƒ­é—¨,https://weibo.com/5005733135909134/O2p8ZoNeC,"https://tvax4.sinaimg.cn/crop.0.0.512.512.180/008waZgbly8hl7ahdnrmcj30e80e8wf3.jpg?KID=imgbed,tva&Expires=1712662621&ssig=mH%2FooOl9Yc",ç¥è¶´,https://weibo.com/u/7804524175,0
5009803298734532,951,589,26,å¹¿ä¸œ,å®Œäº‹åç”·ç”Ÿè¯´çš„æœ€å¤šçš„ä¸€å¥è¯æ˜¯ä»€ä¹ˆï¼Ÿ â€‹â€‹â€‹,41,2024-03-09,çƒ­é—¨,https://weibo.com/5009803298734532/O471LAEfy,"https://tvax3.sinaimg.cn/crop.24.0.446.446.180/006Cpps6ly8gktn41n8osj30fc0j6my7.jpg?KID=imgbed,tva&Expires=1712662621&ssig=Fj2zfZl%2BLR",å¤©æœ¨çº¯-JUN,https://weibo.com/u/6064353802,1
4987958052783010,39402,1035,576,æ²³åŒ—,ä½ å¯ä»¥ä¸å–œæ¬¢å¥¹ï¼ä½†æ˜¯ä½ å¿…é¡»ä¸ºå¥¹çš„å–„ä¸¾ï¼Œå¤§çˆ±ç‚¹èµï¼ â€‹,51,2024-01-08,çƒ­é—¨,https://weibo.com/4987958052783010/NAUbPbFZg,"https://tvax3.sinaimg.cn/crop.0.0.586.586.180/90226637ly8hn71ijewtuj20ga0gaglz.jpg?KID=imgbed,tva&Expires=1712662623&ssig=ZJMqOSl069",ä¸€è¾°å¾®åš,https://weibo.com/u/2418173495,0
4997762548760994,7385,502,399,æ±Ÿè‹,è¿‡å¹´æ˜¾çœ¼åŒ… â€‹,10,2024-02-04,çƒ­é—¨,https://weibo.com/4997762548760994/NF1fwAL8m,"https://tvax3.sinaimg.cn/crop.0.0.1080.1080.180/006wlYyHly8g12quuxkvjj30u00u00vd.jpg?KID=imgbed,tva&Expires=1712662623&ssig=tlPW4ph8Om",å…¨åœºæœ€ä½³ä¿æ´é˜¿å§¨,https://weibo.com/u/5974877423,1
4980406600598713,55551,703,358,æ²³åŒ—,é›·é”‹ï¼Œä¸€ä¸ªå“äº®çš„åå­—ï¼Œä»Šå¤©æ˜¯ä»–çš„ç”Ÿæ—¥ï¼[å¿ƒ] â€‹,45,2023-12-18,çƒ­é—¨,https://weibo.com/4980406600598713/NxJK42vKF,"https://tvax2.sinaimg.cn/crop.0.0.996.996.180/005xqHPlly8gdin8jkyjaj30ro0ro76q.jpg?KID=imgbed,tva&Expires=1712662623&ssig=oHQ%2Bk0BFbx",æš´å“¥æ­£èƒ½é‡,https://weibo.com/u/5074648251,1
4987095094919795,16284,470,512,æ±Ÿè‹,æ‰‹æŠ–ä¸æ˜¯å› ä¸ºå¤ªå¯’å†·ï¼Œæ˜¯å› ä¸ºå¿ƒä¸­æœ‰è´£ä»»ï¼Œæˆ‘æ˜¯ä¸€ä¸ªè€å…µï¼Œçœ‹è§è¿™ä¸ªç”»é¢è®©äººå¿ƒç–¼ï¼Œè¯·çˆ±æŠ¤è‡ªå·±çš„èº«ä½“ï¼Œæ‰èƒ½ä¿å®¶å«å›½ï¼Œå‘ä¸­å›½å†›äººæ•¬ç¤¼[èµ][èµ][èµ][èµ][èµ][èµ][èµ][èµ][èµ] http://t.cn/A6lDST5K â€‹,177,2024-01-06,çƒ­é—¨,https://weibo.com/4987095094919795/NAxJXkDRx,"https://tvax1.sinaimg.cn/crop.0.0.992.992.180/006yWZ0kly8hheyqmfgmxj30rk0rkab6.jpg?KID=imgbed,tva&Expires=1712662623&ssig=ypotMHt9Oi",è¯„è®ºå‘˜çŸ³æ¡¥,https://weibo.com/u/6013249944,1
5014083810886445,16724,1546,331,æ¹–åŒ—,æ•´å¤©å¬åˆ«äººè¯´å¼€æˆ¿çˆ½ ä»Šå¤©å»è¯•äº†ä¸€ä¸‹ ç¡®å®çˆ½ ä¸€ä¸ªäººç¡è¿™ä¹ˆå¤§çš„åºŠ â€‹,59,2024-03-20,çƒ­é—¨,https://weibo.com/5014083810886445/O5UnP3IBv,"https://tvax2.sinaimg.cn/crop.0.0.350.350.180/008ni5DQly8hjomxaitunj309q09qq35.jpg?KID=imgbed,tva&Expires=1712662623&ssig=NwYYD5575r",è¿™ä¸ªå•äººå¥¹ä¸ç®€å•,https://weibo.com/u/7673229978,1
4999305584711137,43551,7065,1065,ç¦å»º,å¼ºçƒˆå»ºè®®å„é™¢æ ¡ã€å„çº§æ”¿åºœæœºå…³æ‚¬æŒ‚æ¯›æ³½ä¸œä¸»å¸­çš„ç”»åƒï¼ â€‹,50,2024-02-09,çƒ­é—¨,https://weibo.com/4999305584711137/NFFoijLA5,"https://tvax3.sinaimg.cn/crop.0.0.260.260.180/008saguxly8h01dbf09v4j307m078a9x.jpg?KID=imgbed,tva&Expires=1712662623&ssig=Oo25%2Br4X4D",æ€æƒ³æ²¸ç‚¹,https://weibo.com/u/7745246741,0
5009239389770836,222,21,28,æµ™æ±Ÿ,è´µå·å°ä¼™å†²è¿›ç‡ƒçƒ§çš„è½¿è½¦ï¼Œæ‹‰æ–­å®‰å…¨å¸¦æ•‘å‡ºå¸æœºï¼ å¦‚æœæ²¡æœ‰é™ˆç«¹å°ä¼™å­å’Œä¼—äººæŒºèº«è€Œå‡ºï¼Œåæœä¸å ªè®¾æƒ³ã€‚ å‘è§ä¹‰å‹‡ä¸ºçš„å¥½å¿ƒäººè‡´æ•¬[èµ] http://t.cn/A6Y3w16w â€‹,141,2024-03-07,çƒ­é—¨,https://weibo.com/5009239389770836/O3SmeEZQ8,"https://tvax2.sinaimg.cn/crop.0.0.512.512.180/008744fjly8gdni1vyhylj30e80e875h.jpg?KID=imgbed,tva&Expires=1712662623&ssig=wtitdJEUXB",äººé—´å¥‡å¦™ä¹‹æ—…,https://weibo.com/u/7433466645,1
5008684870535588,4092,601,94,å››å·,å¨±ä¹åœˆçš„å¹³èƒ¸ï¼Œå°±æ˜¯ç™½å¹¼ç˜¦çš„é‚£ç§ï¼Œçœ‹å¤šäº†ï¼Œè§‰å¾—çœŸçš„æ²¡é©¬ä¸Šç¾è§‚åº¦äº†ï¼Œçœ‹çœ‹èµµä»Šéº¦çš„å¦‚ä½• â€‹,80,2024-03-05,çƒ­é—¨,https://weibo.com/5008684870535588/O3DVR2fkw,"https://tvax3.sinaimg.cn/crop.0.0.1080.1080.180/e090e4a7ly8gy2jdewuy0j20u00u0acm.jpg?KID=imgbed,tva&Expires=1712662623&ssig=6o0kBLzkKE",é’Ÿçˆ±ç»¼è‰ºå½±è§†,https://weibo.com/u/3767592103,0
5006697011872255,6746,488,766,å±±ä¸œ,ç”Ÿå­©å­è¿‡ç¨‹ï¼Œçœ‹ç€å°±ç–¼â€¦.. è¿™ä¸€åˆ»æ¯äº²çœŸçš„å¾ˆä¼Ÿå¤§ï¼ğŸ™[å¿ƒ][å¿ƒ] http://t.cn/A6YTxWop â€‹,80,2024-02-29,çƒ­é—¨,https://weibo.com/5006697011872255/O2OdD7R3F,"https://tvax3.sinaimg.cn/crop.0.0.828.828.180/d3a9a1ebly8gmc3r56nhij20n00n0gnm.jpg?KID=imgbed,tva&Expires=1712662623&ssig=9waU3ufLzQ",æ—…è¡Œå¨ç”·,https://weibo.com/u/3551109611,1
4998396016333764,33796,1225,3160,æµ™æ±Ÿ,äº‘æœµæ”¶è—å®¶â˜ï¸ â€‹,14,2024-02-06,çƒ­é—¨,https://weibo.com/4998396016333764/NFhJfqzHu,"https://tvax3.sinaimg.cn/crop.0.0.828.828.180/006pZEcEly8gct9a1jbw6j30n00n0jsm.jpg?KID=imgbed,tva&Expires=1712662623&ssig=7jVNQimoPo",æ˜Ÿæ˜Ÿè´©å–æ‰€,https://weibo.com/u/5880897944,1
5012573685288953,4704,484,35,åŒ—äº¬,[äºŒå“ˆ] â€‹,6,2024-03-16,åŒåŸ,https://weibo.com/5012573685288953/O5h68mbTH,"https://tvax3.sinaimg.cn/crop.0.0.1080.1080.180/c118410fly8hn6kh5z3r7j20u00u0gnh.jpg?KID=imgbed,tva&Expires=1712662627&ssig=OQO%2BTykjP7",ç—…ç—…_,https://weibo.com/u/3239592207,0
5020574554525286,248,45,10,åŒ—äº¬,åˆ†äº«å›¾ç‰‡  â€‹,28,2024-04-07,åŒåŸ,https://weibo.com/5020574554525286/O8DeLiZeu,"https://tva2.sinaimg.cn/crop.0.0.511.511.180/a0590a4ejw8f27abl1rloj20e80e7aas.jpg?KID=imgbed,tva&Expires=1712662627&ssig=%2FuenQt8Y7M",æ›²æ€ä½³,https://weibo.com/u/2690189902,0
5020547180138221,2730,646,36,åŒ—äº¬,ç‰›é€¼ï¼æˆ‘æ²¡è¯è¯´ï½[å…æ‚²][good]  â€‹,48,2024-04-07,åŒåŸ,https://weibo.com/5020547180138221/O8CwC0zXn,"https://tvax2.sinaimg.cn/crop.0.0.1002.1002.180/6853040fly8gdim7s3zdjj20ru0rumys.jpg?KID=imgbed,tva&Expires=1712662627&ssig=7bk4d1w4kp",é™ˆéœ‡åŒå­¦,https://weibo.com/u/1750270991,0
5020627348491448,64,6,0,ä¸­å›½,æ„Ÿè§‰è‡³ä¸ŠğŸ§ğŸ¤  â€‹,36,2024-04-07,åŒåŸ,https://weibo.com/5020627348491448/O8EBUzD0Q,"https://tvax2.sinaimg.cn/crop.0.0.1080.1080.180/005Ce37Nly8hk1zsfc9kkj30u00u041g.jpg?KID=imgbed,tva&Expires=1712662627&ssig=wkfzXFD9Cp",ç™½ç™½è¦æ—©ç¡,https://weibo.com/u/5145513535,0
5021220079405465,3,1,0,åŒ—äº¬,#å†™çœŸ# èŠ±çµ®  â€‹,31,2024-04-09,åŒåŸ,https://weibo.com/5021220079405465/O8U1VDsN3,"https://tvax4.sinaimg.cn/crop.0.0.960.960.180/008070MUly8g9m090x00rj30qo0qojsh.jpg?KID=imgbed,tva&Expires=1712662627&ssig=AQ7gstpEg3",Karizai,https://weibo.com/u/7330733984,0
5020968017986849,183,39,11,å¹¿ä¸œ,èˆå‘½åœ°åè…åé»‘ä¸”æˆ˜ç»©æ–ç„¶çš„æˆ‘ï¼Œè¿‘æœŸå› æ¥è¿åœ¨èŒ‚åå¸‚é­å—é‡å‹ï¼Œå®æ­»ä¸å±ˆçš„èº«ä½“å‡ºç°äº†ä¸¥é‡çŠ¶å†µã€‚ â€‹,88,2024-04-08,åŒåŸ,https://weibo.com/5020968017986849/O8NtnxvK9,"https://tva3.sinaimg.cn/crop.72.57.480.480.180/694c1f30gw1ejpg9hinwpj20m80gojwn.jpg?KID=imgbed,tva&Expires=1712662627&ssig=GWlqXJVZp0",èŒ‚åå¸‚æœ±å›½ç‘œ,https://weibo.com/u/1766596400,0
5020986846478911,124,18,8,åŒ—äº¬,"åŒ—äº¬æˆ‘æœ€çˆ±çš„ç”µçƒ¤ä¹‹ä¸€â—ï¸
è°ƒæ–™è‡ªå·±æ”¾ï¼Œå¿«æ”¶è—ä¸è°¢[é¦‹å˜´]
#æ¢¦æƒ³å®¶ALI##çƒ¤ä¸²#  â€‹",91,2024-04-08,åŒåŸ,https://weibo.com/5020986846478911/O8NXKrbsz,"https://tvax3.sinaimg.cn/crop.0.0.1080.1080.180/6c523589ly8geiy8tu16oj20u00u0tbq.jpg?KID=imgbed,tva&Expires=1712662627&ssig=Z1ik5iPrex",æ¢¦æƒ³å®¶ALI,https://weibo.com/u/1817326985,0
5021206181052848,1,2,0,åŒ—äº¬,æ–°å®¶ï¼Œç»ˆäºæ”¶æ‹¾å¾—å·®ä¸å¤šäº†[æ‰“call]  â€‹,53,2024-04-09,åŒåŸ,https://weibo.com/5021206181052848/O8TFw4pTq,"https://tva1.sinaimg.cn/crop.0.0.180.180.180/7735e34cjw1e8qgp5bmzyj2050050aa8.jpg?KID=imgbed,tva&Expires=1712662627&ssig=XEuM7xFhij",chillyin,https://weibo.com/u/2000020300,
5021009249831502,38,8,0,æ—¥æœ¬,ä¸è¦å¸¦èµ°ç¦å®ï¼ï¼  â€‹,37,2024-04-08,åŒåŸ,https://weibo.com/5021009249831502/O8OxSFfCC,"https://tvax1.sinaimg.cn/crop.0.0.1080.1080.180/776bb3cbly8h1okd107z0j20u00u00vy.jpg?KID=imgbed,tva&Expires=1712662627&ssig=PRhSKBxnnq",æ˜¯ç»®ä¸æ˜¯ä¸ƒ,https://weibo.com/u/2003547083,0
5021113893519412,3,1,0,åŒ—äº¬,æ˜¨æ™šå’Œç”·æœ‹å‹ç©è¿‡åº¦äº†ï¼Œä»Šå¤©è§‰å¾—å¾ˆç´¯ä¸çŸ¥é“ä»–å»å“ªé‡Œå»äº†å¾ˆå¤šç§#ä½ æ„¿æ„å’Œé—ºèœœè¿‡ä¸€è¾ˆå­å—#  â€‹,102,2024-04-09,åŒåŸ,https://weibo.com/5021113893519412/O8RgFeLyI,"https://tvax4.sinaimg.cn/crop.0.0.960.960.180/006KYIISly8hobscgvvmdj30qo0qodhl.jpg?KID=imgbed,tva&Expires=1712662628&ssig=owlXqFERak",å°è20180,https://weibo.com/u/6190980046,0
5020432503669753,22,6,0,åŒ—äº¬,"ç»äº†
é†’æ¥å‘ç°è‡ªå·±å®Œå…¨æš´éœ²åœ¨ç©ºæ°”ä¹‹ä¸­[å¯æ€œ][è´¹è§£]  â€‹",67,2024-04-07,åŒåŸ,https://weibo.com/5020432503669753/O8zxEfoFz,"https://tvax1.sinaimg.cn/crop.0.0.512.512.180/006qALm2ly8hmypmuxu78j30e80e8q3j.jpg?KID=imgbed,tva&Expires=1712662628&ssig=Hy9Az195iW",Wxx__xxW,https://weibo.com/u/5889743570,0
5020609260292029,19,4,0,åŒ—äº¬,ğŸŒ…  â€‹,24,2024-04-07,åŒåŸ,https://weibo.com/5020609260292029/O8E8K1dY9,"https://tvax2.sinaimg.cn/crop.0.0.512.512.180/6ce62217ly8hn4az4c1r2j20e80e8dgq.jpg?KID=imgbed,tva&Expires=1712662628&ssig=A5Ks4ObKc9",ç£¨å”§ç‹ä¸­ç‹,https://weibo.com/u/1827021335,0
5020577915996731,42,9,2,å‰æ—,çˆ¬å±±æŒºç´¯ ä¸‹æ¬¡è¿˜çˆ¬â€¦â€¦  â€‹,41,2024-04-07,åŒåŸ,https://weibo.com/5020577915996731/O8Dkbpa1t,"https://tvax4.sinaimg.cn/crop.0.0.512.512.180/0065gdRDly8gojfm62jprj30e80e8jrf.jpg?KID=imgbed,tva&Expires=1712662628&ssig=OBevUQJ9D7",å°æ©˜å­å‘€x,https://weibo.com/u/5574545217,0
5020702937448886,12,2,1,åŒ—äº¬,åˆ†äº«å›¾ç‰‡  â€‹,28,2024-04-08,åŒåŸ,https://weibo.com/5020702937448886/O8GzPvfNk,"https://tvax4.sinaimg.cn/crop.0.0.1080.1080.180/007aUEG6ly8hogeo2ohajj30u00u1n6i.jpg?KID=imgbed,tva&Expires=1712662628&ssig=rK8ZhUZbbF",LZçš„å°è€³æœµ,https://weibo.com/u/6574195922,0
5021152976306679,9,1,0,åŒ—äº¬,æŠ–åŠ¨çš„è‚‰æ•¢  â€‹,31,2024-04-09,åŒåŸ,https://weibo.com/5021152976306679/O8ShHqsED,"https://tvax1.sinaimg.cn/crop.0.0.930.930.180/005ZoqHOly8hoiqnvr7h9j30pu0puq4z.jpg?KID=imgbed,tva&Expires=1712662628&ssig=x9jICxjWwK",æœ‰ä¸€ä¸ªå°è›®è…°,https://weibo.com/u/5487843188,0
5020976091762195,382,65,3,æ±Ÿè¥¿,è¿™å®¶çš„çš®çš®è™¾ç»å•¦[èåŒ–][èåŒ–][èåŒ–] â€‹,34,2024-04-08,åŒåŸ,https://weibo.com/5020976091762195/O8NGp7oqv,"https://tvax2.sinaimg.cn/crop.0.0.511.511.180/b0cc7ccfly8hmk4kv1pztj20e70e7jrp.jpg?KID=imgbed,tva&Expires=1712662628&ssig=9UhGDAloGZ",ä½™æœuuu,https://weibo.com/u/2966191311,0
5020685916965126,6,2,0,åŒ—äº¬,"#å¼ å­¦å‹60+å·¡å›æ¼”å”±ä¼š# 

æˆ‘æ¥å¬ä»–çš„æ¼”å”±ä¼š
ä»Šæ—¥æœ€æƒŠå–œï¼š100åœºéƒ½æ²¡å”±çš„ã€å¦‚æœè¿™éƒ½ä¸ç®—çˆ±ã€‘æœ€åå±…ç„¶ç»™äº†å¤§å®¶ä¸€ä¸ªå¤§å¤§çš„ç¦åˆ©
ä¸€ç‚¹éƒ½ä¸è€ï¼Œä¾ç„¶å¯çˆ±åˆæ€§æ„Ÿï¼Œç­‰ä½ çš„70+ï¼Œä½ å¯æ˜¯æ­Œç¥å•Š  â€‹",186,2024-04-08,åŒåŸ,https://weibo.com/5020685916965126/O8G8ntdWK,"https://tvax3.sinaimg.cn/crop.0.0.1080.1080.180/afe0afbdly8hc2rrsit4zj20u00u076q.jpg?KID=imgbed,tva&Expires=1712662628&ssig=N55te0stKz",ä»–ç»™å¥¹ä¸€ä¸ªå»,https://weibo.com/u/2950737853,0
5020896391860874,6,0,0,åŒ—äº¬,"æœˆå›å…¬å›­çš„ç¹èŠ±â€¦â€¦
â€¦â€¦ç¹èŠ±è¡€æ™¯ï¼ŸğŸ¥ºâ€¦â€¦btwæœ€è¿‘ç£•åŒèŠ±ç£•çš„æœ‰ç‚¹ä¸Šå¤´ğŸ¥¹ğŸ¥¹  â€‹",95,2024-04-08,åŒåŸ,https://weibo.com/5020896391860874/O8LBR7O66,"https://tvax4.sinaimg.cn/crop.0.0.720.720.180/6d33533fly8hng1y7xr6lj20k00k0aas.jpg?KID=imgbed,tva&Expires=1712662628&ssig=PwyG7tiQ02",-æ¸…å†½,https://weibo.com/u/1832080191,0
5018606293745930,13,1,0,åŒ—äº¬,å¤šè¿åŠ¨ å¤šå‡ºæ±— ğŸ¸ï¸  â€‹,41,2024-04-02,åŒåŸ,https://weibo.com/5018606293745930/O7O29fIue,"https://tvax2.sinaimg.cn/crop.0.0.1071.1071.180/bb7d0a98ly8hngcqgdvrlj20tr0tr0wc.jpg?KID=imgbed,tva&Expires=1712662628&ssig=0BlnifkPVb",é¦¨é¦¨æ¯”ä¸ªè€¶,https://weibo.com/u/3145534104,
5020221756933751,22084,1291,167,å››å·,1945å¹´ï¼Œéœ‡æ’¼ä¸–ç•Œçš„åç§’ï¼Œ20ä¸‡æ—¥æœ¬äººè¢«åŸå­å¼¹ç‚¸æ­»çš„çœŸå®å½±åƒã€‚  â€‹â€‹â€‹  â€‹â€‹â€‹ http://t.cn/A6T6eSPP â€‹,95,2024-04-06,æ¦œå•,https://weibo.com/5020221756933751/O8u3Jt5MH,"https://tvax3.sinaimg.cn/crop.0.0.1080.1080.180/006xH2YSly8gfhlso3dqdj30u00u076e.jpg?KID=imgbed,tva&Expires=1712662632&ssig=p21LWyBA0T",çº¯è‰¯è½¯å¦¹,https://weibo.com/u/5994675646,1
5020582037422522,21217,2270,346,åŒ—äº¬,"æˆ‘ä»¬çš„å®¶äººåœ¨å®¶ä¸­è¢«æ´»æ´»çƒ§æ­»ï¼Œå·²æœ‰å…­ä¸ªæœˆäº†ã€‚

æˆ‘ä»¬çš„å­©å­è¢«æ®‹æ€ï¼Œå·²æœ‰å…­ä¸ªæœˆäº†ã€‚

æˆ‘ä»¬çš„æœ‹å‹åœ¨éŸ³ä¹èŠ‚ä¸Šè¢«æªæ€å’Œå¼ºå¥¸ï¼Œå·²æœ‰å…­ä¸ªæœˆäº†ã€‚

æˆ‘ä»¬çš„äº²äººåœ¨åŠ æ²™è¢«æ‰£ä¸ºäººè´¨ï¼Œå·²æœ‰å…­ä¸ªæœˆäº†ã€‚

æˆ‘ä»¬ä¸ä¼šå¿˜è®°ã€‚

æˆ‘ä»¬æ°¸è¿œä¸ä¼šé€€ç¼©ã€‚

åœ¨æ¯ä¸€åäººè´¨éƒ½å›å®¶ä¹‹å‰æˆ‘ä»¬ä¸ä¼šä¼‘æ¯ã€‚

æ„¿é‡éš¾è€…çš„è®°å¿†æˆä¸ºç¥ç¦ã€‚ â€‹",270,2024-04-07,æ¦œå•,https://weibo.com/5020582037422522/O8DqPv8W6,"https://tvax2.sinaimg.cn/crop.0.0.600.600.180/002vvCjXly8hiq8awtnw1j60go0go3z002.jpg?KID=imgbed,tva&Expires=1712662632&ssig=APlgEW2%2BWP",ä»¥è‰²åˆ—é©»åä½¿é¦†,https://weibo.com/u/2297867557,0
5021029869291292,12770,361,111,é™•è¥¿,æµæµªæ¯çŒ«æœ€æƒ¨ï¼Œä»å°å°±å¼€å§‹æ€€å­•ï¼Œæ€€äº†ç”Ÿç”Ÿå®Œäº†é©¬ä¸Šåˆæ€€ï¼Œä¸€ç›´ç”Ÿåˆ°æ­»â€¦ â€‹,64,2024-04-08,æ¦œå•,https://weibo.com/5021029869291292/O8P58CZ5y,"https://tvax2.sinaimg.cn/crop.0.0.828.828.180/006QKpwKly8hi3739w6ylj30n00n0taq.jpg?KID=imgbed,tva&Expires=1712662632&ssig=KdL5knPg4d",liu_iiiiiirich,https://weibo.com/u/6276227682,1
5020931431335097,12938,553,1621,å¹¿ä¸œ,ã€Šå½“ä»£å¹´è½»äººçš„çŠ¶æ€ã€‹ â€‹,20,2024-04-08,æ¦œå•,https://weibo.com/5020931431335097/O8Mwn5BjP,"https://tvax2.sinaimg.cn/crop.0.0.180.180.180/67dd74e0ly8fvv8h7c3ylj2050050aac.jpg?KID=imgbed,tva&Expires=1712662632&ssig=qWeZpmqNIr",æ€æƒ³èšç„¦,https://weibo.com/u/1742566624,0
5021028170600297,12847,747,16373,åŒ—äº¬,"æ™ºå·±å…¬å¸åœ¨ä»Šæ™šå‘å¸ƒä¼šä¸Šå¯¹å°ç±³SU7 Max å…³é”®å‚æ•°è¿›è¡Œé”™è¯¯æ ‡æ³¨ï¼Œé€ æˆæå…¶ä¸¥é‡çš„è´Ÿé¢å½±å“ã€‚ä¸ºç»´æŠ¤æˆ‘å¸åˆæ³•æƒç›Šã€ä¿éšœç”¨æˆ·çš„çŸ¥æƒ…æƒï¼Œæˆ‘ä»¬åšå¦‚ä¸‹å£°æ˜ï¼š

1. å°ç±³SU7 Max å‰åç”µæœºå‡ä¸ºç¢³åŒ–ç¡…ã€‚è¿™ç¡®ä¿äº†å°ç±³SU7 Max å‡ºè‰²çš„æ€§èƒ½å’Œç»­èˆªèƒ½åŠ›ã€‚

2. æ™ºå·±å…¬å¸ä½œä¸ºä¸Šæ±½é›†å›¢æ——ä¸‹æ§è‚¡å­å…¬å¸ï¼Œç«Ÿä¼šå‡ºç°å¦‚æ­¤è°¬è¯¯ï¼Œæ˜¯å…¶ä¸“ â€‹",659,2024-04-08,æ¦œå•,https://weibo.com/5021028170600297/O8P2p2wad,"https://tvax1.sinaimg.cn/crop.0.0.1080.1080.180/005BDrlyly8gpb1gbun89j30u00u00td.jpg?KID=imgbed,tva&Expires=1712662632&ssig=p4tYTvjOyz",å°ç±³å…¬å¸å‘è¨€äºº,https://weibo.com/u/5136788508,0
5021174260827323,9649,266,37,æ— ,#è™çŒ«è€ƒç”Ÿè¯¥æ‡‚çš„ä¸æ˜¯èˆ†è®ºè€Œæ˜¯æ•¬ç•ç”Ÿå‘½#ã€#è™çŒ«è€ƒç”Ÿæœªè¢«å…°å·å¤§å­¦å½•å–#ã€‘4æœˆ8æ—¥æ™šé—´ï¼Œå…°å·å¤§å­¦æ ¸ç§‘å­¦ä¸æŠ€æœ¯å­¦é™¢ç½‘ç«™å‘å¸ƒäº†2024 å¹´ç¡•å£«ç ”ç©¶ç”Ÿè°ƒå‰‚è€ƒç”Ÿæˆç»©åŠæ‹Ÿå½•å–åå•å…¬ç¤ºã€‚å…¶ä¸­ï¼Œå¤‡å—å…³æ³¨çš„è€ƒç”Ÿå¾æŸæŸæœªè¿›å…¥è¿™ä»½æ‹Ÿå½•å–åå•ã€‚å…¬ç¤ºä¿¡æ¯æ˜¾ç¤ºï¼Œå¾æŸæŸå¤è¯•ç¬”è¯•æˆç»©75åˆ†ï¼Œå¤è¯•é¢è¯•æˆç»©ä¸º56.17åˆ†ã€‚å­¦é™¢æ–¹é¢ä»‹ç» â€‹,391,2024-04-09,æ¦œå•,https://weibo.com/5021174260827323/O8SQ23tdV,"https://tvax3.sinaimg.cn/crop.17.23.657.657.180/001NUI3hly8h8w4fhqes7j60j60j6mxf02.jpg?KID=imgbed,tva&Expires=1712662632&ssig=09SigdqEGl",æ–°å‘¨åˆŠ,https://weibo.com/u/1653689003,0
5020996714889403,20241,1628,1513,é‡åº†,"ä¸ºä»€ä¹ˆæŠ è„šåæ€»æ˜¯æƒ³è¦é—»ä¸€ä¸‹æ‰‹ï¼Ÿ

è¿™ä¸»è¦æ˜¯ä¸ºäº†è·å¾—ç²¾ç¥ä¸Šçš„å¿«æ„Ÿâ€”â€”è‰¯æ€§è‡ªè™(benign masochism)ï¼Œé€šè¿‡åšä¸€äº›æ¶ˆæè¡Œä¸ºæ¥æ¬ºéª—å¤§è„‘ï¼Œä»èº«ä½“çš„ä¸é€‚ä¸­è·å¾—ç²¾ç¥äº«å—çš„è¡Œä¸ºï¼Œåœ¨è¿‡ç¨‹ä¸­å› ä¸ºæ§åˆ¶ã€æŒ‘æˆ˜æˆ–é‡Šæ”¾è€Œè·å¾—æ„‰æ‚¦æ„Ÿã€‚æŠ è„šåé—»ä¸€é—»å°±å±äºè‰¯æ€§è‡ªè™ï¼Œç±»ä¼¼çš„è¿˜æœ‰åƒè¾£ã€æŒ¤ç—˜ç—˜ã€æ‹‰å®Œå¤§ä¾¿å›å¤´çœ‹ç­‰ç­‰ã€‚ â€‹",270,2024-04-08,æ¦œå•,https://weibo.com/5020996714889403/O8OdFkvXl,"https://tvax4.sinaimg.cn/crop.0.0.640.640.180/e925a4f9ly8hlruvlh6lyj20hs0hsdgl.jpg?KID=imgbed,tva&Expires=1712662632&ssig=zaE%2BPNe17D",å†·çŸ¥è¯†bot,https://weibo.com/u/3911558393,0
5020940190879286,26483,1329,2448,æ²³åŒ—,"#ç™½ç‰å…°æŠ¥ååå•#
ä¹‹å‰çœ‹äº†è‚–æˆ˜æ¼”çš„æ¢¦ä¸­çš„é‚£ç‰‡æµ·ï¼Œå¯¹è‚–æ˜¥ç”Ÿè…¿è¿™ä¸€æ®µè®°å¿†ç‰¹åˆ«æ·±åˆ»ï¼Œå½“æ—¶è§‰å¾—å®Œå…¨ä¸åƒæ¼”çš„ï¼Œè¿˜ä»¥ä¸ºçœŸçš„è…¿æ–­äº†ï¼Œæ€ä¹ˆåšåˆ°çš„å•Šï¼
#è‚–æˆ˜è‚–æ˜¥ç”Ÿ# â€‹",144,2024-04-08,æ¦œå•,https://weibo.com/5020940190879286/O8MKv3GK2,"https://tvax3.sinaimg.cn/crop.0.0.996.996.180/005RzzEAly8hilhelgkanj30ro0rowg9.jpg?KID=imgbed,tva&Expires=1712662632&ssig=8xo%2Fmau%2BEx",itsashou_,https://weibo.com/u/5372288504,0
5020569257640617,16805,1070,2874,å¹¿ä¸œ,è¿™æ¬¡å°±ä¸ä»¥è§†é¢‘çš„è§’åº¦æ¥è·Ÿå¤§å®¶åˆ†äº«äº†ï¼Œå‡ºå·®äº†ï¼Œçˆ¬ä¸€ä¸‹å‘¨è¾¹çš„å±±ï¼Œç»™ä½ ä»¬ä¸€ä¸ªæœºä¼šï¼ŒçŒœä¸€çŒœæ˜¯å“ªé‡Œçš„å±±ï¼Ÿå˜»å˜»......#æ¸…æ˜ä¸è´Ÿå¥½é£Ÿå…‰##æ˜¥å¤©çš„ç¬¬ä¸€å£é²œ##æˆ‘çš„ç¾é£Ÿæ—¥è®°# â€‹,150,2024-04-07,æ¦œå•,https://weibo.com/5020569257640617/O8D6dw3FL,"https://tvax2.sinaimg.cn/crop.0.0.1032.1032.180/5ce46b3ely8hbayb5w4szj20so0sotc5.jpg?KID=imgbed,tva&Expires=1712662632&ssig=wwRiH8bj1U",é£Ÿå…»Mia,https://weibo.com/u/1558473534,0
5021263292268949,4976,1097,1458,ç¦å»º,"é•¿è¾ˆçš„ç©¿æ­èƒ½æœ‰å¤šæ½®æµ[å“†å•¦Aæ¢¦åƒæƒŠ]

#æˆ‘çš„æ˜¥æ—¥ç‹‚æ¬¢æ—¥è®°##é‡è§æ˜¥å¤©# â€‹",63,2024-04-09,æ¦œå•,https://weibo.com/5021263292268949/O8V9D9wfX,"https://tvax1.sinaimg.cn/crop.0.0.512.512.180/0066AvdHly8gdiqj10sr1j30e80e874j.jpg?KID=imgbed,tva&Expires=1712662632&ssig=hV9qHdqR15",å…¨èƒ½é€‰æ‰‹,https://weibo.com/u/5594154829,0
5020970261679297,146383,21880,106627,æµ™æ±Ÿ,"ã€Šå¦ˆå¦ˆï¼Œæˆ‘å»æ¸…åäº†ã€‹
ï¼ï¼ï¼ï¼ï¼ï¼
#ç§åœ°å§ä¸»åˆ›å›¢é˜Ÿè¿›æ¸…å##ç§åœ°å§##ä½•æµ©æ¥ [è¶…è¯]# â€‹",78,2024-04-08,æ¦œå•,https://weibo.com/5020970261679297/O8Nx072Rr,"https://tvax4.sinaimg.cn/crop.0.0.512.512.180/006Fvx3lly8hkoj19evuxj30e80e8aab.jpg?KID=imgbed,tva&Expires=1712662632&ssig=Mi6WXihM1m",ç§åœ°å§ä½•æµ©æ¥ ,https://weibo.com/u/6110141995,0
5020715810554007,46490,689,692,å››å·,"æˆ‘ç»ˆäºçŸ¥é“#æˆéƒ½è¿ªå£«å°¼# çš„å‰å› åæœäº†à² _à²  
ï¼ˆå¹²ï¼Œè¿™æ¡æ€ä¹ˆçªç„¶ç«äº†ï¼Œæˆ‘ä¸æ˜¯ä»»ä½•äººçš„ç²‰ï¼Œæˆ‘æ˜¯çœŸçš„æ‰çŸ¥é“è¿™æ¡çƒ­æœçš„åŸå› ï¼Œè¿™ä»¶äº‹é‡Œç›¸å…³çš„æ‰€æœ‰äººä½ ä»¬éƒ½å¯ä»¥éª‚ï¼Œä½†æ˜¯æ˜¯ä¸å‡†éª‚æˆ‘ï¼Œä¸ç„¶æˆ‘è¦éª‚ä½ å…¨å®¶ã€‚éª‚æˆ‘æ˜¯ç²‰åœˆå’Œè¥é”€å·çš„å°¤å…¶ä¸èƒ½å¿ï¼Œå†è¯´æˆ‘è¦â€¦â€¦æˆ‘è¦ç”Ÿæ°”äº†ï¼Œæˆ‘éª‚äººå¾ˆå‰å®³çš„ â€‹",252,2024-04-08,æ¦œå•,https://weibo.com/5020715810554007/O8GUB2k7B,"https://tvax2.sinaimg.cn/crop.0.0.1080.1080.180/7ed5e297ly8hl7d5sstybj20u00u040e.jpg?KID=imgbed,tva&Expires=1712662632&ssig=aGkV57YSRf",èƒ¡èåœåƒå…”å…”,https://weibo.com/u/2127946391,0
5020639603462214,27815,1133,921,å±±ä¸œ,"#å¥³æ€§çš„å°è‚šå­æ˜¯ä¸ºäº†ä¿æŠ¤å­å®«åµå·¢#

çº æ­£ä¸€ä¸ªæ¦‚å¿µï¼Œå¥³æ€§çš„å°è‚šå­å¹¶ä¸æ˜¯ä¸ºäº†ä¿æŠ¤å­å®«åµå·¢çš„ã€‚

å­å®«æœ‰ä¸€éƒ¨åˆ†åœ¨è€»éª¨ä»¥ä¸Šï¼Œå¤§éƒ¨åˆ†åœ¨è€»éª¨ä¸‹ã€‚ä¹Ÿå°±æ˜¯è¯´ï¼Œä¿æŠ¤å­å®«åµå·¢çš„ç»“æ„ä¸»è¦æ˜¯éª¨ç›†ï¼Œè€Œéå°è‚šå­ã€‚

å¦å¤–ï¼Œå­å®«å‰æœ‰è†€èƒ±åæœ‰ç›´è‚ ï¼Œä¾é å­å®«é˜”éŸ§å¸¦ã€å­å®«åœ†éŸ§å¸¦ï¼Œå­å®«ä¸»éŸ§å¸¦ä»¥åŠéª¶å­å®«éŸ§å¸¦ç­‰éŸ§å¸¦æ¥å›ºå®šå­å®«ï¼Œ â€‹",396,2024-04-07,æ¦œå•,https://weibo.com/5020639603462214/O8EVGewGa,"https://tvax4.sinaimg.cn/crop.0.0.512.512.180/006wFlO0ly8gbnja69u55j30e80e80tg.jpg?KID=imgbed,tva&Expires=1712662632&ssig=nxPiSbbVqo",è®¸è¶…åŒ»ç”Ÿ,https://weibo.com/u/5979495016,1
5020647057788467,29926,845,2615,å››å·,è¿™æ˜¯åœ¨å¹¿ä¸œçš„ç½‘å‹æ‹æ‘„çš„ï¼Œæœ‰ä¸ªå°å¥³å­©ç«™åˆ°è·¯è¾¹è·³è‹±æ­Œèˆï¼Œä¸“ä¸šè‹±æ­Œé˜Ÿæ¥äº†ç«‹å³ä¸Šå‰ä¸å…¶äº’åŠ¨ï¼ŒçœŸæ˜¯å¤ªæœ‰çˆ±äº†#ä¸­å›½##è‹±æ­Œèˆ# http://t.cn/A6Ta4snf â€‹,131,2024-04-07,æ¦œå•,https://weibo.com/5020647057788467/O8F7HwG8r,"https://tvax1.sinaimg.cn/crop.0.0.1023.1023.180/008uIbQjly8hmpxm3bgvoj30sg0sfgo7.jpg?KID=imgbed,tva&Expires=1712662632&ssig=pyczwPsPz4",å—å½’å­¤å¤·,https://weibo.com/u/7782884695,1
5020832944100942,19806,2119,832,æ±Ÿè‹,"#é‚¯éƒ¸åˆä¸­ç”Ÿè¢«å®³æ¡ˆ3äººè¢«åˆ‘äº‹è¿½è¯‰# å¯èƒ½æœ‰äººä¸å¤§äº†è§£æ£€æ–¹æªè¾é‡Œè¿™ä¸ªâ€œæ ¸å‡†è¿½è¯‰â€ä»€ä¹ˆæ„æ€ï¼Œæˆ‘ç¨å¾®è¯´ä¸€ä¸‹ã€‚

åœ¨2021å¹´3æœˆ1æ—¥ä»¥å‰ï¼Œæœªæ»¡14å‘¨å²çš„çŠ¯ç½ªå«Œç–‘äººæ˜¯æ— è®ºå¦‚ä½•éƒ½æ— æ³•è¿½ç©¶åˆ‘äº‹è´£ä»»çš„ã€‚åœ¨2021å¹´3æœˆ1æ—¥èµ·å®è¡Œçš„åˆ‘æ³•ç¬¬åä¸€ä¿®æ­£æ¡ˆä¸­ï¼Œæ‰åŠ å…¥äº†è¿™ä¸ªéå¸¸é‡è¦çš„æ³•æ¡ï¼š

ã€å·²æ»¡åäºŒå‘¨å²ä¸æ»¡åå››å‘¨å²çš„äººï¼ŒçŠ¯ â€‹",654,2024-04-08,æ¦œå•,https://weibo.com/5020832944100942/O8JXwhcQe,"https://tvax4.sinaimg.cn/crop.0.0.1080.1080.180/8dffe03cly8gdilglnqrlj20u00u0abz.jpg?KID=imgbed,tva&Expires=1712662632&ssig=PGit8u55LE",æ±Ÿå®å©†å©†,https://weibo.com/u/2382356540,0
5020685489668217,539017,18741,4980,æ— ,ã€#è™çŒ«è€ƒç”Ÿå·²å‚åŠ å…°å¤§ç ”ç©¶ç”Ÿè°ƒå‰‚å¤è¯•# å©‰æ‹’è®°è€…é‡‡è®¿ã€‘ #è™çŒ«è€ƒç”Ÿè¯´ä¸æ˜¯å¾ˆæ‡‚ç½‘ç»œèˆ†è®ºæš‚ä¸å›åº”# è¿‘æ—¥ï¼ŒæŠ¥è€ƒå—äº¬å¤§å­¦ç‰©ç†å­¦é™¢ç ”ç©¶ç”Ÿå­¦ä½çš„ç”·å­å¾æŸï¼Œä¸“ä¸šè¯¾æˆç»©æ’åç¬¬ä¸€ï¼Œä½†ç–‘ä¼¼æ€æƒ³å“å¾·è€ƒæ ¸ä¸è¿‡å…³è¢«åˆ·ã€‚æ­¤å‰ï¼Œå¤šåç½‘å‹åœ¨ç½‘ç»œå¹³å°å‘å¸–å‘å­¦æ ¡åæ˜ ï¼Œå¾æŸæ›¾åœ¨å®¿èˆå½•åˆ¶è§†é¢‘è™æ€çŒ«ã€‚å—äº¬å¸‚å…¬å®‰å±€å›åº”ç§°ï¼Œå·²å¯¹ â€‹,1060,2024-04-08,æ¦œå•,https://weibo.com/5020685489668217/O8G7GEz8Z,"https://tvax1.sinaimg.cn/crop.0.0.512.512.180/006FcX4dly8h8vgewp7wsj30e80e8mxd.jpg?KID=imgbed,tva&Expires=1712662632&ssig=l303S%2BFFt8",çº¢æ˜Ÿæ–°é—»,https://weibo.com/u/6105713761,0
5020572841149256,33590,11554,21494,åŒ—äº¬,"å–œæ¬¢å¥èº«
å–œæ¬¢æ•£æ­¥
å–œæ¬¢è€éŸ³ä¹
å–œæ¬¢å¥½å¤©æ°”
å–œæ¬¢èŠ±å¼€é¸Ÿé¸£
å–œæ¬¢å–å’–å•¡
æˆ‘å–œæ¬¢æˆ‘çš„ç”Ÿæ´»â˜€ï¸ 
#äº•ä½ å¯è§# â€‹",94,2024-04-07,æ¦œå•,https://weibo.com/5020572841149256/O8Dc04OYo,"https://tvax4.sinaimg.cn/crop.0.0.512.512.180/001piHjfly8gyfj4rf1h7j60e80e8q3i02.jpg?KID=imgbed,tva&Expires=1712662632&ssig=D1v15VEc6E",äº•æŸç„¶,https://weibo.com/u/1289997621,0
5020932234281915,40006,574,48,è¾½å®,ç™½ç‰å…°æŠ¥åé€å®¡åå•ï¼Œä½ è§‰å¾—è°æœ‰æœ›è·å¥– â€‹,36,2024-04-08,æ¦œå•,https://weibo.com/5020932234281915/O8MxFhXV9,"https://tvax4.sinaimg.cn/crop.0.0.828.828.180/006qj4jkly8gdi6uihluij30n00n0ta0.jpg?KID=imgbed,tva&Expires=1712662632&ssig=lIGUWiUTGr",è‰¾ç›å¨±ä¹èŒ,https://weibo.com/u/5885526534,0
5020559631450541,26430,1651,3070,å¹¿ä¸œ,ä¸€è¾ˆå­çš„çƒ­æ‹æ˜¯æœ‰å¯èƒ½çš„ â€‹,22,2024-04-07,æ¦œå•,https://weibo.com/5020559631450541/O8CQH65lP,"https://tvax2.sinaimg.cn/crop.0.0.180.180.180/67dd74e0ly8fvv8h7c3ylj2050050aac.jpg?KID=imgbed,tva&Expires=1712662632&ssig=qWeZpmqNIr",æ€æƒ³èšç„¦,https://weibo.com/u/1742566624,0
5020921697927516,32498,525,1793,æ—¥æœ¬,å²›å›½ç½‘å‹è¡¨ç¤ºï¼Œè·Ÿå­©å­åˆç…§çš„æ—¶å€™ï¼Œè¢«æ‹å‡ºäº†æ–¯äººå·²é€çš„æ„Ÿè§‰[å…æ‚²][å…æ‚²][å…æ‚²] â€‹,72,2024-04-08,æ¦œå•,https://weibo.com/5020921697927516/O8MgFxgja,"https://tvax3.sinaimg.cn/crop.0.0.1080.1080.180/00638Brxly8gdingsr04cj30u00u0n1c.jpg?KID=imgbed,tva&Expires=1712662632&ssig=%2FCJBm8ca2u",æ—¥æœ¬æ²™é›•æ—¥å¸¸,https://weibo.com/u/5543176559,1
5020852219282109,18222,1017,170,æµ™æ±Ÿ,"#ç›®ç¹äº†é…’åº—æ¢åºŠå•#
ç›®ç¹äº†é…’åº—é˜¿å§¨æ¢åºŠå•çš„è¿‡ç¨‹ï¼Œå¤ªéš¾å—äº†â€¦ â€‹",57,2024-04-08,æ¦œå•,https://weibo.com/5020852219282109/O8KsBCWHr,"https://tvax3.sinaimg.cn/crop.0.0.1080.1080.180/006rh5Fdly8gncyfkjq5gj30u00u0mzh.jpg?KID=imgbed,tva&Expires=1712662634&ssig=lpFlButJzF",æç¬‘å°èµ–èµ–,https://weibo.com/u/5899831415,0
5020297898232175,33985,683,1690,å¹¿ä¸œ,ã€Šé•¿è¿™ä¹ˆå¤§ å”¯ä¸€åšæŒä¸‹æ¥çš„äº‹ã€‹ â€‹,29,2024-04-06,æ¦œå•,https://weibo.com/5020297898232175/O8w2xyxz1,"https://tvax2.sinaimg.cn/crop.0.0.180.180.180/67dd74e0ly8fvv8h7c3ylj2050050aac.jpg?KID=imgbed,tva&Expires=1712662634&ssig=c9iOdtWle2",æ€æƒ³èšç„¦,https://weibo.com/u/1742566624,0
5021157336547572,22951,1549,273,æ— ,ã€å¤–å©†å¸¦å¨ƒçœ‹è£…ä¿®ï¼Œ2å²å¤–å­™ä»19æ¥¼é˜³å°å äº¡ï¼šå½“æ—¶æ æ†å·²æ‹†ã€‘#2å²å°å­©çœ‹æˆ¿æ—¶ä¸å¹¸å äº¡# æ®çº¢æ˜Ÿæ–°é—»æŠ¥é“ï¼š4æœˆ7æ—¥ä¸‹åˆï¼Œå››å·å—å……å¸‚ä»ªé™‡å¿æŸå°åŒºå‘ç”Ÿä¸€ä»¶è®©äººç—›å¿ƒçš„äº‹æ•…ï¼Œä¸€åä¸¤å²å·¦å³çš„å­©ç«¥ä»19æ¥¼æ„å¤–å æ¥¼èº«äº¡ã€‚æ®ç½‘å‹çˆ†æ–™ï¼Œäº‹å‘å°åŒºæ˜¯ä¸€ä¸ªæ–°å°åŒºï¼Œå¾ˆå¤šä¸šä¸»æ­£åœ¨å¯¹æˆ¿å±‹è¿›è¡Œè£…ä¿®ã€‚å½“å¤©ä¸‹åˆ2æ—¶è®¸ï¼Œä¸€ä½è€äººå¸¦ç€ â€‹,669,2024-04-09,æ¦œå•,https://weibo.com/5021157336547572/O8SoJrtk0,"https://tvax1.sinaimg.cn/crop.0.4.535.535.180/001Lvb9uly8h8vgoyk5brj60f00f0jrq02.jpg?KID=imgbed,tva&Expires=1712662634&ssig=H1%2FSkvro6%2B",å¤´æ¡æ–°é—»,https://weibo.com/u/1618051664,0
5021159802276550,33833,942,1183,å†…è’™å¤,"å¼ å…ƒè‹±è½¬åœˆæŒ‘æˆ˜å‡çº§ç‰ˆ 
å€’ç€è½¬ä¸€åœˆå†æ­£ç€è½¬ä¸€åœˆ è¿è½¬ä¸¤åœˆ
#å¼ å…ƒè‹±è¿è½¬ä¸¤æ¬¡åœˆ# http://t.cn/A6TSdOig â€‹",93,2024-04-09,æ¦œå•,https://weibo.com/5021159802276550/O8SsI9yey,"https://tvax3.sinaimg.cn/crop.0.0.1080.1080.180/8b511c18ly8h8uk3vqti1j20u00u0gmi.jpg?KID=imgbed,tva&Expires=1712662634&ssig=s%2F3MD6p2oA",å“ä¸€è‚¡æ¸…æµ,https://weibo.com/u/2337348632,0
5020569668420796,20271,1411,369,æ— ,ã€#90åå‡†æ–°å¨˜å©šå‰ç«‹é—å˜±é—äº§å½’çˆ¶æ¯#ã€‘è¿‘æ—¥ï¼Œå³å°†èµ°å…¥å©šå§»æ®¿å ‚çš„æ¸©å·â€œ90åâ€å‡†æ–°å¨˜å°æï¼ˆåŒ–åï¼‰åœ¨èµ°è¿›æ°‘æ”¿å±€ä¹‹å‰ï¼Œå´å…ˆèµ°è¿›äº†é—å˜±åº“ã€‚ä½œä¸ºå®¶ä¸­çš„ç‹¬ç”Ÿå¥³ï¼Œå»å¹´ï¼Œå°æçš„çˆ¶æ¯å°†å®¶é‡Œçš„æˆ¿äº§éƒ½è¿‡æˆ·ç»™äº†å¥¹ã€‚ç»“å©šé¢†è¯ä¹‹å‰ï¼Œå¥¹ç«‹ä¸‹ç”Ÿå‰é—å˜±ï¼Œå°†çˆ¶æ¯æŒ‡å®šä¸ºé—äº§ç»§æ‰¿äººã€‚å°æè¯´ï¼šâ€œè¶ç°åœ¨è¿˜æ²¡ç»“å©šï¼Œå°±æŠŠé—å˜±ç«‹å¥½ï¼Œ â€‹,675,2024-04-07,æ¦œå•,https://weibo.com/5020569668420796/O8D6SzkDi,"https://tvax2.sinaimg.cn/crop.0.0.1000.1000.180/8842ff52ly8heqfusvnwbj20rs0rsmxx.jpg?KID=imgbed,tva&Expires=1712662634&ssig=4tLIwKGctz",ä¸­å›½è“æ–°é—»,https://weibo.com/u/2286092114,0
5020940188780835,47511,706,1788,å†…è’™å¤,"#ç™½ç‰å…°æŠ¥ååå•# 
ç½‘ä¼ ç™½ç‰å…°æŠ¥ååå•ï¼Œä½ å–œæ¬¢å“ªéƒ¨ï¼Ÿ
ã€Šç¹èŠ±ã€‹èƒ¡æ­Œ é©¬ä¼Šç å”å«£ è¾›èŠ·è•¾
ã€Šçˆ¶è¾ˆçš„è£è€€ã€‹å¼ æ™šæ„ éƒ­æ¶› åˆ˜ç³
ã€Šå—æ¥åŒ—å¾€ã€‹ç™½æ•¬äº­ é‡‘æ™¨ ä¸å‹‡å²±
ã€Šæ¢¦ä¸­çš„é‚£ç‰‡æµ·ã€‹è‚–æˆ˜ ææ²
ã€Šè¿½é£è€…ã€‹ç‹ä¸€åš ææ² 
ã€Šå…¬è¯‰ã€‹è¿ªä¸½çƒ­å·´ ä½Ÿå¤§ä¸º
ã€Šè¿½å…‰çš„æ—¥å­ã€‹éƒ­äº¬é£ ä»»æ• ç‹æº
ã€Šæ¼«é•¿çš„å­£èŠ‚ã€‹èŒƒä¼Ÿ ç§¦æ˜Š
ã€Šå°æ—¥ â€‹",401,2024-04-08,æ¦œå•,https://weibo.com/5020940188780835/O8MKuAQin,"https://tvax4.sinaimg.cn/crop.0.0.996.996.180/006rUZZfly8gdijt45jw5j30ro0roaaz.jpg?KID=imgbed,tva&Expires=1712662634&ssig=01AlWgxfy%2B",åœˆå†…æ•™çˆ¶,https://weibo.com/u/5909342713,0
5020583295715200,20892,633,428,å±±ä¸œ,å„ä½å¤§äººä¸ºäº†è®©å°å­©åœ¨é«˜é“ä¸Šå®‰é™éƒ½æŒºåŠªåŠ›çš„[å…æ‚²]å“ˆå“ˆå“ˆå“ˆå“ˆå“ˆå“ˆå“ˆå“ˆå“ˆå“ˆå“ˆå“ˆå“ˆå“ˆå“ˆå“ˆå“ˆå“ˆå“ˆå“ˆ â€‹,88,2024-04-07,æ¦œå•,https://weibo.com/5020583295715200/O8DsRnYME,"https://tvax4.sinaimg.cn/crop.0.0.512.512.180/96d4af76ly8gh4i2nmm5ej20e80e8my5.jpg?KID=imgbed,tva&Expires=1712662634&ssig=3mfRw%2BGVHz",é£å¹é“ƒé“›å“å®å®,https://weibo.com/u/2530520950,0
5020599623355342,24737,594,464,æ— ,ã€#å¥³ç”Ÿè€ƒç ”è¢«æ‹Ÿå½•å–å®¤å‹å·å·é€æƒŠå–œ#ï¼šè¿™ä¸€ç¬é—´æˆ‘ä¼šè®°ä¸€è¾ˆå­[çˆ±æ…•]ã€‘4æœˆ2æ—¥ï¼Œå®‰å¾½æ·®å—ï¼Œå¥³ç”Ÿè€ƒç ”å¤è¯•ç»“æŸè¢«æ‹Ÿå½•å–ï¼Œå®¤å‹å·å·å¸ƒç½®å®¿èˆä¸ºå…¶å‡†å¤‡æƒŠå–œï¼Œæ–¹åŒå­¦è¯´ï¼šâ€œè¿›å±‹çœ‹åˆ°å¥¹ä»¬ä¸ºæˆ‘å‡†å¤‡çš„ä¸€åˆ‡ï¼Œå¿ƒé‡Œå°±æ˜¯åªæœ‰ä¸€ä¸ªæƒ³æ³•ï¼Œæˆ‘ç”¨äº†å¤šå¤§çš„è¿æ°”æ‰èƒ½åœ¨å¤§å­¦é‡åˆ°è¿™æ ·ä¸€ç¾¤å®¤å‹ï¼Œå¥¹ä»¬è®©æˆ‘è§‰å¾—è‡ªå·±ä¸æ˜¯å­¤å•å‡¯æ—‹çš„æˆ˜å£«ï¼Œ â€‹,349,2024-04-07,æ¦œå•,https://weibo.com/5020599623355342/O8DTce4Sq,"https://tvax4.sinaimg.cn/crop.0.0.826.826.180/001O24LNly8h8viu4nck1j60my0myq3m02.jpg?KID=imgbed,tva&Expires=1712662634&ssig=Gqa7PNVwRt",æ½‡æ¹˜æ™¨æŠ¥,https://weibo.com/u/1655444627,0
5021150406772668,26575,2677,2535,æ— ,#å›åº”å…¬ä¼—æœŸå¾…ç»‡å¯†æ³•åˆ¶ä¹‹ç½‘#ã€çƒ­è¯„ä¸¨#è®©ä¾æ³•è¿½ç©¶ææ¶å°‘å¹´åˆ‘è´£æˆä¸ºæ³•æ²»å¿…ç„¶#ã€‘#é‚¯éƒ¸åˆä¸­ç”Ÿè¢«å®³æ¡ˆ3äººè¢«åˆ‘äº‹è¿½è¯‰#ï¼Œåœ¨è¿™èµ·æœªæˆå¹´äººä¼¤å®³æœªæˆå¹´äººçš„ä¸ªæ¡ˆä¸­ï¼Œé’æ˜¥å› æš´åŠ›è¡Œä¸ºè€Œæˆ›ç„¶è€Œæ­¢ï¼Œä»¤äººæ„Ÿåˆ°å¿ƒç—›å’Œæ„¤æ€’ã€‚ç”Ÿå‘½çš„æ•™è‚²ã€æ³•æ²»çš„æ•™è‚²ä¸åº”è¯¥æ˜¯æ»åçš„ï¼Œæ›´ä¸åº”è¯¥æ˜¯é«˜é«˜ä¸¾èµ·ã€è½»è½»æ”¾ä¸‹ã€‚ä¾æ³•è¿½ç©¶å¹´æ»¡12å‘¨å²è¡Œå‡¶è€… â€‹,457,2024-04-09,æ¦œå•,https://weibo.com/5021150406772668/O8SdyspSA,"https://tvax4.sinaimg.cn/crop.0.0.600.600.180/002TLsr9ly8hmxa6f543uj60go0gowfl02.jpg?KID=imgbed,tva&Expires=1712662634&ssig=KBUozRWTA5",å¤®è§†æ–°é—»,https://weibo.com/u/2656274875,0
5021239352232802,1311168,8780,5163,æ— ,ã€#ç¬¬29å±Šä¸Šæµ·ç”µè§†èŠ‚#ã€‘[è¯ç­’]ç¬¬29å±Šä¸Šæµ·ç”µè§†èŠ‚å®šäº2024å¹´6æœˆ24æ—¥è‡³28æ—¥åœ¨ä¸Šæµ·ä¸¾è¡Œã€‚é¢„è®¡å°†äºäº”æœˆå…¬å¸ƒæœ¬å±Šç™½ç‰å…°å¥–å…¥å›´åå•ï¼›â€œç™½ç‰å…°ç»½æ”¾â€é¢å¥–å…¸ç¤¼å°†äº6æœˆ28æ—¥æ™šä¸¾è¡Œã€‚ â€‹,158,2024-04-09,æ¦œå•,https://weibo.com/5021239352232802/O8Ux19mQW,"https://tvax1.sinaimg.cn/crop.0.0.500.500.180/002do8ZNly8h8vg9cqlhuj60dw0dwaaa02.jpg?KID=imgbed,tva&Expires=1712662634&ssig=Kawt4NWrk8",CCTVç”µè§†å‰§,https://weibo.com/u/2030112487,0
5020834869282680,114211,20117,23712,å¹¿ä¸œ,#å¤§å–œæ¥å•¦# å„¿å¥³åŒå…¨âœŒï¸ â€‹,23,2024-04-08,æ¦œå•,https://weibo.com/5020834869282680/O8K0CCWQE,"https://tvax2.sinaimg.cn/crop.0.0.512.512.180/001RVHM6ly8hkt89se572j60e80e8dgo02.jpg?KID=imgbed,tva&Expires=1712662634&ssig=nsH8riIu4l",é‡‘æ™¨,https://weibo.com/u/1713031610,0
5021264875883292,13773,680,109,æ— ,"ã€#é»„ç£Šé¦–è°ˆå„¿å­# ã€‘
ä»Šæ™šè¿æ¥ç¬¬12å­£æ”¶å®˜ï¼Œæœ¬æœŸæ”¶å®˜å˜‰å®¾é»„ç£Š@é»„ç£Šå¾®åš ä¸ä»…å‘é²è±«@é™ˆé²è±«çš„ç”µå½±æ²™å‘ èŠèµ·äº†å¥³å„¿å¤šå¤šäººç”Ÿåˆæ¬¡ç™»å°çš„æœ‰è¶£ç»å†è¿˜é¦–æ¬¡è°ˆåˆ°å„¿å­ï¼Œä»–åˆ†äº«äº†è¢«å„¿å­ç«¥è¨€ç«¥è¯­æ„ŸåŠ¨çš„ç¬é—´ã€‚
é»„ç£Šå›å¿†æœ‰ä¸€æ¬¡æ²¡åƒæ™šé¥­ï¼Œå„¿å­è¶´åœ¨è‡ªå·±çš„è‚šå­ä¸Šå¬è§äº†è‚ é¸£ï¼Œäºæ˜¯å„¿å­å°±åŠçˆ¸çˆ¸â€œçˆ¸çˆ¸ï¼Œä½ ä¸€ç‚¹éƒ½ä¸èƒ– ï¼Œä½ è¦ â€‹",499,2024-04-09,æ¦œå•,https://weibo.com/5021264875883292/O8VcboGvO,"https://tvax3.sinaimg.cn/crop.0.0.1080.1080.180/62fa5aa5ly8gdjtjyqq3kj20u00u00tv.jpg?KID=imgbed,tva&Expires=1712662634&ssig=YnTETkU9nl",é²è±«æœ‰çº¦,https://weibo.com/u/1660574373,0
5020833313719843,95904,5153,3269,æ— ,"ã€ã€Š#å¤§ä¾¦æ¢å¼‚é›¶å¼‚å­¦å›­#ã€‹é«˜æ¸…å‰§ç…§ã€‘
åœ¨å¾ˆä¹…ä»¥å‰ï¼Œäººç±»é€šè¿‡å¼€å¯â€œå¼‚ç©ºé—´â€çš„è£‚ç¼æ¥è·å–èƒ½æºï¼Œç„¶è€Œâ€œå¼‚æ€ªâ€é€šè¿‡è£‚ç¼å…¥ä¾µäº†äººç±»ä¸–ç•Œï¼Œâ€œå¼‚èƒ½è§‰é†’â€çš„å‹‡å£«ä»¬ä¸â€œå¼‚æ€ªâ€æˆ˜æ–—ï¼Œå®ˆä½äº†æ— åè°·è¿™ç‰‡æœ€åçš„å®¶å›­ï¼Œäººç±»å†å²å¼€å¯äº†æ–°çºªå…ƒï¼Œè®°ä¸ºI1å¹´ã€‚I19å¹´4æœˆ10æ—¥å¤œï¼Œå¼‚é›¶å¼‚å­¦å›­çš„å­¦ç”Ÿä»¬æ­£åœ¨ç¤¼å ‚å†…åšâ€œBIGèƒ†æ¸¸æˆâ€ï¼Œ â€‹",386,2024-04-08,æ¦œå•,https://weibo.com/5020833313719843/O8JY7fBHt,"https://tvax2.sinaimg.cn/crop.0.0.1080.1080.180/006oIYg8ly8hlqzb6f5zkj30u00u045j.jpg?KID=imgbed,tva&Expires=1712662634&ssig=ougMi7ENbZ",å¤§ä¾¦æ¢å®˜å¾®,https://weibo.com/u/5862147128,0
5021142265890575,19886,1638,358,æ— ,ã€#æ¯”äºšè¿ªå–ä¸€è¾†è½¦å‡€èµš9000å…ƒ# ã€‘#ä¸­å›½è½¦ä¼ä¸é è¡¥è´´å–èƒœ# ã€Šæ™šç‚¹è´¢ç»ã€‹ç»Ÿè®¡äº†å¸‚å€¼æ’åé å‰çš„ 12 å®¶ä¸­æ¦‚è‚¡äº’è”ç½‘å’Œç§‘æŠ€å…¬å¸ç°é‡‘å‚¨å¤‡çŠ¶å†µã€‚è¿™äº›å…¬å¸ 2023 å¹´æœ«æ—¶çš„èµ„é‡‘å‚¨å¤‡ï¼ˆåŒ…å«è´§å¸èµ„é‡‘ã€çŸ­æœŸæŠ•èµ„ã€è¯åˆ¸æŠ•èµ„å’Œå®šæœŸå­˜æ¬¾ï¼Œä¸å«å—é™åˆ¶èµ„é‡‘ï¼‰åˆè®¡ 2.97 ä¸‡äº¿å…ƒï¼Œç›¸æ¯”å››å¹´å‰ï¼ˆ1.5 ä¸‡äº¿å…ƒï¼‰å‡ ä¹ç¿»äº†ä¸€ç•ªã€‚ â€‹ http://mapi/002aANWlly1hok7bolpjbj60j612547t02,765,2024-04-09,æ¦œå•,https://weibo.com/5021142265890575/O8S0qoIph,"https://tvax3.sinaimg.cn/crop.0.0.1024.1024.180/002aANWlly8h0p9h64ugrj60sg0sg75m02.jpg?KID=imgbed,tva&Expires=1712662634&ssig=d1StupYSjm",å‡¤å‡°ç½‘è´¢ç»,https://weibo.com/u/1988800805,0
5021179608301964,74979,5450,1682,æ— ,ã€#èƒ¡é”¡è¿›å¸Œæœ›ç¤¾ä¼šç»™è™çŒ«è€ƒç”Ÿå…¶ä»–é€šé“#ï¼šçœŸæ­£ä»¥æ²»ç—…æ•‘äººçš„æ€åº¦å¯¹å¾…ä»–ã€‘#å¦‚ä½•çœ‹è™çŒ«è€ƒç”Ÿæœªè¢«å…°å¤§å½•å–# æ®å¤®è§†4æœˆ8æ—¥æ™šæ¶ˆæ¯ï¼Œå…°å·å¤§å­¦æ ¸ç§‘å­¦ä¸æŠ€æœ¯å­¦é™¢åœ¨å®˜ç½‘æ­£å¼å…¬å¸ƒäº†2024å¹´ç¡•å£«ç ”ç©¶ç”Ÿè°ƒå‰‚æ‹Ÿå½•å–åå•ï¼Œè™çŒ«è€ƒç”Ÿæœªè¢«å…°å·å¤§å­¦å½•å–ã€‚ @èƒ¡é”¡è¿› å†å‘æ–‡ï¼šè¯šæ³å¸Œæœ›é‚£åè™çŒ«çš„å¾å§“è€ƒç”Ÿæ·±åˆ»æ¥å—æ•™è®­ï¼Œä¸ä»…ç—›æ”¹å‰ â€‹,798,2024-04-09,æ¦œå•,https://weibo.com/5021179608301964/O8SYEyPIE,"https://tvax3.sinaimg.cn/crop.0.0.180.180.180/7d731371ly1gdincq74ykj2050050jr7.jpg?KID=imgbed,tva&Expires=1712662634&ssig=QrSYxqqnDM",äºŒä¸‰é‡Œèµ„è®¯,https://weibo.com/u/2104693617,0
5020811675829843,18079,623,2691,å››å·,"å¥³å­©è¯¯ä»¥ä¸ºå–å¿«é€’è¿˜è¦å’Œå¿«é€’åˆå½±[å“ˆå“ˆ]

å¥³å­©ï¼šä¸ç†è§£ï¼Œä½†éº»éº»è¿™æ ·è¯´ä¸€å®šæœ‰å¥¹çš„é“ç†
#æˆ‘çš„æ˜¥æ—¥ç‹‚æ¬¢æ—¥è®°#
http://t.cn/A6TaO5Ej â€‹",118,2024-04-08,æ¦œå•,https://weibo.com/5020811675829843/O8JpdosBJ,"https://tvax2.sinaimg.cn/crop.0.0.400.400.180/007YhJg7ly8hjat0ktq0pj30b40b474g.jpg?KID=imgbed,tva&Expires=1712662634&ssig=0FNfZIqaD9",äººé—´å¥‡è¶£è®°å½•ä»ª,https://weibo.com/u/7303735539,0
5021175992030299,14570,501,361,æ¹–åŒ—,"#è™çŒ«è€ƒç”Ÿæœªè¢«å…°å·å¤§å­¦å½•å–#
ä»…ä»…å› ä¸ºæ²¡æœ‰è¢«å½•å–æˆä¸ºç ”ç©¶ç”Ÿï¼Œå°±åœ¨é‚£é‡Œæ€œæ‚¯è¿™ä½å­¦ç”Ÿï¼Œè®¤ä¸ºå­¦æ ¡è¿‡äºä¸¥è‹›çš„äººï¼Œæ˜¯å¯ç¬‘çš„ã€‚

å®é™…ä¸Šï¼Œæˆªæ­¢åˆ°ç°åœ¨ï¼Œå¹¶æ²¡æœ‰çœŸæ­£å¯¹ä»–è™çŒ«è¡Œä¸ºçš„â€œä¸»åŠ¨â€ä¸¥æƒ©ï¼Œè€ƒç ”æ˜¯ä»–åœ¨è™çŒ«åè¿˜è¯•å›¾å¯»æ±‚æ›´å¥½å‘å±•çš„è¡Œä¸ºï¼Œè€Œç›¸å…³å­¦æ ¡ä¾æ®ç»¼åˆè€ƒé‡æ‹’ç»å½•å–ä»–ï¼Œåªæ˜¯ä¸€ä¸ªâ€œè¢«åŠ¨â€æƒ©ç½šï¼Œå¹¶æ²¡æœ‰å¹²é¢„ â€‹",1001,2024-04-09,æ¦œå•,https://weibo.com/5021175992030299/O8SSP8waL,"https://tva3.sinaimg.cn/crop.0.0.750.750.180/bb3c5ff1jw8f3q29zisqpj20ku0kuwfb.jpg?KID=imgbed,tva&Expires=1712662634&ssig=gT6zYXGXLx",DoåŒ»ç”Ÿ,https://weibo.com/u/3141296113,0
5021195864903126,8427,1895,1842,æ±Ÿè‹,èµ·çŒ›äº† å¤§è¿æµ·ä¸Šçœ‹åˆ°æ³•æ‹‰åˆ©äº†[å“†å•¦Aæ¢¦å®³æ€•] â€‹,40,2024-04-09,æ¦œå•,https://weibo.com/5021195864903126/O8ToSkzwG,"https://tvax1.sinaimg.cn/crop.0.0.962.962.180/005KvRRWly8hjq2s3wamlj60qq0qq3zp02.jpg?KID=imgbed,tva&Expires=1712662634&ssig=PmJbxYXVDE",æ­£å¸¸äººå¹²ä¸å‡ºè¿™äº›äº‹,https://weibo.com/u/5267970860,0
5020219500138146,29956,1947,2029,æ²³åŒ—,"#æ”¾å‡ä¸‰å¤©èººäº†ä¸‰å¤©# 
åˆ«äºº:å›å®¶ æ—…æ¸¸
æˆ‘:å‡ºç§Ÿå±‹èººä¸‰å¤© çˆ½ï¼ â€‹",55,2024-04-06,æ¦œå•,https://weibo.com/5020219500138146/O8u060zWa,"https://tvax2.sinaimg.cn/crop.0.0.1080.1080.180/e6f05409ly8hjvsiqppdcj20u00u0jst.jpg?KID=imgbed,tva&Expires=1712662634&ssig=Uc%2BhuOHBsp",å˜»å˜»å°ä¸¸çº¸,https://weibo.com/u/3874509833,0
5020273616621499,23319,411,3131,æµ™æ±Ÿ,å¹³ç­‰çš„åŒäº‹å…³ç³»ï½ï½å˜¿å˜¿å˜¿ã€‚ã€‚ã€‚ã€‚[å¼€å­¦å­£] â€‹,40,2024-04-06,æ¦œå•,https://weibo.com/5020273616621499/O8vpnrMyn,"https://tvax1.sinaimg.cn/crop.0.0.932.932.180/45cb0bc1ly8hfjs0wzglyj20pw0pwmyk.jpg?KID=imgbed,tva&Expires=1712662634&ssig=bTqoAg%2Fmqs",çœŸåå†…,https://weibo.com/u/1170934721,0
5017003401940913,379853,147888,557878,ä¸Šæµ·,å¤©ç•Œï¼Œæ‰“å¡[æ¯”è€¶] #ä¸å‡¤è¡Œ# â€‹,25,2024-03-28,æ˜æ˜Ÿ,https://weibo.com/5017003401940913/O78kQ88V3,"https://tvax4.sinaimg.cn/crop.0.0.720.720.180/001nd69sly1h9qe3n4ftuj60k00k0abh02.jpg?KID=imgbed,tva&Expires=1712662642&ssig=Dmob4UySn9",èµµä¸½é¢–,https://weibo.com/u/1259110474,0
5020991828789117,315,18,45,å¹¿ä¸œ,"æ—å…å„¿
å¥½æå“ï¼å¸Œæœ›æ²¡æœ‰è´¢é˜€â€¦â€¦ â€‹",31,2024-04-08,æ˜æ˜Ÿ,https://weibo.com/5020991828789117/O8O5MASrX,"https://tvax4.sinaimg.cn/crop.0.0.750.750.180/0082G3I5ly8he778cw0c4j30ku0ku0u8.jpg?KID=imgbed,tva&Expires=1712662642&ssig=qV10jQlQSy",å¤§éº»æºœ,https://weibo.com/u/7368639369,1
5020997503159159,1620,212,2,å®‰å¾½,"éœ‡æ’¼çˆ†æ–™ï¼å¼ é¢–é¢–å†æ­æ±ªå°è²å†…å¹•ï¼šç²¾æ˜ç®—è®¡ï¼Œä¸“æŒ‘å¯Œå©†ï¼Œæ— æ³•èƒœä»»è‚²å„¿é‡ä»»ï¼

å„ä½ï¼Œä½ ä»¬çœŸçš„è¢«æ±ªå°è²çš„å¤–è¡¨æ‰€è¿·æƒ‘äº†å—ï¼Ÿå¬å¬å¼ é¢–é¢–è¿™æ¬¡æ€ä¹ˆè¯´çš„ï¼å¥¹çˆ†æ–™æ±ªå°è²ç²¾æ˜ç‹¡è¯ˆï¼Œä¸“é—¨æ‰¾æœ‰é’±å¥³æ€§ä¸ºä¼´ï¼Œç”šè‡³ç›´è¨€ä»–æœ‰ç²¾ç¥é—®é¢˜ï¼Œä¸é€‚åˆç…§é¡¾å­©å­ã€‚è¿™éš¾é“å°±æ˜¯ä¼ è¯´ä¸­çš„â€œåˆ†æ‰‹åè§äººå“â€ï¼Ÿ

å¼ é¢–é¢–åœ¨ç›´æ’­ä¸­æ¯«ä¸ç•™æƒ…åœ°æ­ â€‹",831,2024-04-08,æ˜æ˜Ÿ,https://weibo.com/5020997503159159/O8OeWdfQb,"https://tvax3.sinaimg.cn/crop.0.0.750.750.180/007cM80Wly8halky7uytjj30ku0kujsu.jpg?KID=imgbed,tva&Expires=1712662642&ssig=jjoS%2BJnPRj",ä½åœ¨æœˆäº®ä¸Šçš„æŸ æª¬ç²¾,https://weibo.com/u/6601716410,0
5021178557104720,188,53,2,æ¹–å—,"åƒç“œ

å¯¹äºå…¨ç½‘ç»™èµµä¸½é¢–å’Œæ—æ›´æ–°åšåª’è¿™ä»¶äº‹ï¼Œæœ¬è´¨è¿˜æ˜¯å‰§å®£çš„åŠŸåŠ³ã€‚

æ—æ›´æ–°è¿™æ¬¡åœ¨è¥é”€ä¸Šè‡ªæè…°åŒ…ï¼Œä¸€è¿ä¹°äº†å‡ åä¸ªçƒ­ï¼Œæœ‰ä¸€å¤§åŠéƒ½æ˜¯å’Œèµµä¸½é¢–æœ‰å…³çš„ï¼Œå†æ²¡ç‚¹ç”¨ï¼Œé‚£é’±å°±æ˜¯ç™½èŠ±ã€‚

cpä¸­ä»–å±äºåƒçº¢åˆ©å¤šçš„é‚£ä¸€æ–¹ï¼Œå·²ç»æœ‰å¤§æŠŠèµ„æºæ‰¾ä¸Šé—¨äº†ã€‚ â€‹",216,2024-04-09,æ˜æ˜Ÿ,https://weibo.com/5021178557104720/O8SWXtOgg,"https://tvax4.sinaimg.cn/crop.0.0.500.500.180/008a7MlKly8h3a7ag0c3xj30dw0dwaaf.jpg?KID=imgbed,tva&Expires=1712662642&ssig=QzqBKyqvUj",å¨±ä¹è¿½å‰§è‹±è‹±,https://weibo.com/u/7478680172,1
5020878654149537,239313,19782,34693,åŒ—äº¬,"#ç‹ä¸€åš[è¶…è¯]# 
é­è‹¥æ¥ï¼Œè¿½é£æ°¸ä¸æ­¢ï¼›æ¨éœ‡ï¼Œç»´å’Œå†ç›¸è§ã€‚@UNIQ-ç‹ä¸€åš 
#ç‹ä¸€åšè¿½é£è€…# Â· #ç‹ä¸€åšç»´å’Œé˜²æš´é˜Ÿ# â€‹â€‹â€‹",110,2024-04-08,æ˜æ˜Ÿ,https://weibo.com/5020878654149537/O8L9fhpu1,"https://tvax2.sinaimg.cn/crop.0.0.1080.1080.180/008aC0N3ly8hnwe0j11xej30u00u0jur.jpg?KID=imgbed,tva&Expires=1712662642&ssig=CdE2g58iFv",YIBO-OFFICIAL,https://weibo.com/u/7485885521,0
5021195471425544,852,37,24,å®‰å¾½,èµµä¸½é¢–æ—æ›´æ–°ï¼Œä¸€å®¶äººä¸è¯´ä¸¤å®¶è¯ï¼ï¼åé»‘ç»„ä½ ä»¬æ­‡ç€å§[doge] â€‹,56,2024-04-09,æ˜æ˜Ÿ,https://weibo.com/5021195471425544/O8Tof5YQE,"https://tvax3.sinaimg.cn/crop.0.0.1080.1080.180/001ks3BOly8h8ug2u3zumj60u00u0wf602.jpg?KID=imgbed,tva&Expires=1712662642&ssig=%2FBvwpMNLXY",èŠ’æœå¦ˆå¦ˆ,https://weibo.com/u/1218346612,0
5021054445290274,177,3,22,å¹¿ä¸œ,#å¿—ç”°å‹ç¾# â€‹,10,2024-04-09,æ˜æ˜Ÿ,https://weibo.com/5021054445290274/O8PIMmcf0,"https://tvax3.sinaimg.cn/crop.0.0.1002.1002.180/00756VYGly8gktpbrkl9jj30ru0ruwge.jpg?KID=imgbed,tva&Expires=1712662642&ssig=%2FgA04TKhGl",zatoichii,https://weibo.com/u/6488464342,0
5020088418175487,3709,112,60,å¹¿ä¸œ,"æ—æ›´æ–°ï¼šâ€œæˆ‘è¿å‰§æœ¬éƒ½æ²¡çœ‹ï¼â€
èµµä¸½é¢–ï¼šâ€œæ–°å“¥å°±åŒæ„äº†ï¼â€

ä¸»æŒäººï¼šâ€œå¥”ç€æ­æ¡£æ¥çš„ï¼â€
æ—æ›´æ–°ï¼šâ€œå¯¹ï¼â€

å“ˆå“ˆå“ˆå“ˆï¼Œä¸»æŒäººè¿˜æ˜¯æŒºå§”å©‰çš„ï¼Œä½ ç›´æ¥è¯´â€œå¥”ç€äººæ¥çš„â€ï¼Œæ—ç‹—ä¹Ÿä¼šæ¯«ä¸çŠ¹è±«åœ°è¯´â€œå¯¹å¯¹å¯¹â€çš„ï¼

ä¸ƒå¹´å‰ï¼šä¸ºèµµä¸½é¢–æ¥çš„ï¼
ä¸ƒå¹´åï¼šåŒä¸€ä¸ªç†ç”±ï¼

ä¸½é¢–æ‹ã€ŠèŠ±åƒéª¨ã€‹çš„æ—¶å€™ï¼Œæ—ç‹—æ‹æˆçš„æ£šå’Œä¸½é¢– â€‹",483,2024-04-06,æ˜æ˜Ÿ,https://weibo.com/5020088418175487/O8qAFyiOH,"https://tvax2.sinaimg.cn/crop.0.0.1080.1080.180/005yrRy7gy8guv55zo849j60u00u0gmu02.jpg?KID=imgbed,tva&Expires=1712662642&ssig=BWJdZfuuak",ç‹ç‰Œæ•™çˆ¶,https://weibo.com/u/5089700287,0
5020272618898490,5951,421,54,ä¸­å›½å°æ¹¾,å¦ˆå¦ˆã€æˆ‘ä»¬äº”ä¸ªï¼Œé½äº†ã€‚ â€‹,22,2024-04-06,æ˜æ˜Ÿ,https://weibo.com/5020272618898490/O8vnLBkU2,"https://tvax4.sinaimg.cn/crop.0.0.512.512.180/002IsU5jly8ha13eyxb07j60e80e8mxs02.jpg?KID=imgbed,tva&Expires=1712662642&ssig=oe3gTLA0aD",é»„å®‰,https://weibo.com/u/2489313225,0
5021037381288419,290,3,27,å¹¿ä¸œ,å¼ å©§ä»ªç»´å¯†å†™çœŸå¤§èµ â€‹,18,2024-04-09,æ˜æ˜Ÿ,https://weibo.com/5021037381288419/O8Phg5paX,"https://tvax4.sinaimg.cn/crop.0.0.320.320.180/4a4673aaly1fgyaoekvoij208w08wmxc.jpg?KID=imgbed,tva&Expires=1712662642&ssig=TECQIwEMPm",å¤©ä½¿äººä½“,https://weibo.com/u/1246131114,0
5020817550737530,1062,165,70,å¹¿ä¸œ,ä¸€ç›´ä¸æ˜ç™½ä¸ºä»€ä¹ˆæ›¹äº‘é‡‘çš„å£ç¢‘å‘ç”Ÿäº†åè½¬ï¼Œç›´åˆ°çœ‹è§ç½‘å‹çš„åˆ†æâ€¦ â€‹,60,2024-04-08,æ˜æ˜Ÿ,https://weibo.com/5020817550737530/O8JyH35RE,"https://tvax1.sinaimg.cn/crop.0.0.945.945.180/4dc1e592ly8hh6qu92bnvj20q90q9dk2.jpg?KID=imgbed,tva&Expires=1712662642&ssig=Be0p9CAO9d",ä¾ƒå¨˜,https://weibo.com/u/1304552850,0
5021062540034622,1076,143,11,é‡åº†,"æ±ªå°è²å…·ä¿Šæ™”å‰åè„šç§€æ©çˆ±ç–‘ä¼¼è¾ƒåŠ²

æ˜¨æ—¥å…·ä¿Šæ™”åœ¨æ¥å—åª’ä½“é‡‡è®¿æ—¶é€éœ²ï¼šâ€œåœ°éœ‡æ—¶æˆ‘å°±ç†™åª›ï¼ˆå¤§Sï¼‰èº«è¾¹æŠ“ç€ç†™åª›çš„æ‰‹â€¦æˆ‘ä½çš„æˆ¿å­çœŸçš„ç›–å¾—å¾ˆå¥½â€¦â€
ç½‘å‹ï¼šæ€ªä¸å¾—æ±ªå°è²ç§€æ©çˆ±ï¼Œä¼°è®¡å¿ƒé‡Œéƒ½è¦æ°”ç–¯äº†ï¼Œè‡ªå·±ä¹°çš„æˆ¿å­è¢«äººå®¶ä½ç€ï¼Œå­©å­è¿˜çœ‹ä¸åˆ°ï¼Œå…‰å¤´æœ‰æ„æ— æ„çš„ç§€æ©çˆ±ï¼Œç¡®å®æŒºæ‰å¿ƒçš„ã€‚
è€Œä¸”å½“åˆæ±ªå°è²ä¹°ä¸‹è¿™å¥—æˆ¿ â€‹",993,2024-04-09,æ˜æ˜Ÿ,https://weibo.com/5021062540034622/O8PVQ090q,"https://tvax3.sinaimg.cn/crop.0.0.750.750.180/0082rfcSly8h0huex25axj30ku0kutab.jpg?KID=imgbed,tva&Expires=1712662642&ssig=Rfphtmx%2Fm0",å¨±ä¹æ°å…‹,https://weibo.com/u/7365108642,1
5020204136400128,2713,98,297,é»‘é¾™æ±Ÿ,æ—æ›´æ–°è¯­å½•è¿˜æ˜¯å¥½ç”¨ â€‹,18,2024-04-06,æ˜æ˜Ÿ,https://weibo.com/5020204136400128/O8tBjqQXS,"https://tvax2.sinaimg.cn/crop.0.0.828.828.180/88cdcdcdly8h7nqehb3g2j20n00n075d.jpg?KID=imgbed,tva&Expires=1712662642&ssig=woLFgSANLz",è›Šå…”,https://weibo.com/u/2295188941,0
5020616294141548,114597,35394,109154,åŒ—äº¬,"è¿‘çœŸ
æœ‰å¹¸ä¸ä½ ç›¸é‡
ä¸€åŒèµ°è¿‡è¿™æ¼«æ¼«è¿½é£é•¿è·¯

ä½ è¯´è¿‡
è¿½æ±‚ä¿¡ä»°çš„é“è·¯å¯èƒ½æ˜¯è‹¦çš„
ä½†ç»“æœä¸€å®šä¼šæ˜¯ç”œçš„

æ˜¯çš„ é£å·²ç»åœäº†
çœ‹åˆ°å¦‚ä»Šè¿™ä¸€åˆ‡ 
ä½ åº”è¯¥å¾ˆæ¬£æ…°å§
æˆ‘ä»¬ä¼šæ°¸è¿œè®°å¾— 
ä½ æ›¾ç»æ¥è¿‡

#è¿½é£è€…# â€‹",177,2024-04-07,æ˜æ˜Ÿ,https://weibo.com/5020616294141548/O8Ek5hnpa,"https://tvax4.sinaimg.cn/crop.0.0.1080.1080.180/001YqBPrly8gt16rfku9dj60u00u0q4s02.jpg?KID=imgbed,tva&Expires=1712662642&ssig=6%2BjyE8lMeo",ææ²,https://weibo.com/u/1809054937,0
5020121842060749,1019,72,64,å¹¿ä¸œ,è€ƒå¤æ—æ›´æ–°ï¼Œå“¥ä½ å®åœ¨æ˜¯å¤ªæœ‰è¶£äº†å“ˆå“ˆå“ˆå“ˆå“ˆï¼Œæœ‰è¶£çš„çµé­‚å¤ªéš¾å¾—äº† â€‹,60,2024-04-06,æ˜æ˜Ÿ,https://weibo.com/5020121842060749/O8rsA8E5T,"https://tvax3.sinaimg.cn/crop.0.0.1080.1080.180/4442aefely8h1as6okpk4j20u00u0dhp.jpg?KID=imgbed,tva&Expires=1712662642&ssig=iHDdUk04s0",èµ„æ·±è¿½å‰§é¹…,https://weibo.com/u/1145220862,0
5019846486523932,706136,71322,1000000,ä¸Šæµ·,ğŸŒ â€‹,4,2024-04-05,æ˜æ˜Ÿ,https://weibo.com/5019846486523932/O8kisrnaI,"https://tvax1.sinaimg.cn/crop.3.0.505.505.180/006aCKOzly8henow1o7b8j30e80e1js0.jpg?KID=imgbed,tva&Expires=1712662642&ssig=NxvvEzZRxD",èµµéœ²æ€çš„å¾®åš,https://weibo.com/u/5653796775,0
5020159738120967,1025,120,73,å¤©æ´¥,ç°åœ¨å¨±ä¹åœˆä¸¥æ ¼äº†ï¼Œä¸å¥½ä¹±å‘äº†ï¼Œçœ‹çœ‹ä»¥å‰æ—æ›´æ–°éƒ½åœ¨å‘ä»€ä¹ˆï¼ŒçœŸæ˜¯æœ‰è¶£çš„çµé­‚å“¦[å˜˜] â€‹,76,2024-04-06,æ˜æ˜Ÿ,https://weibo.com/5020159738120967/O8srHy4Dl,"https://tvax3.sinaimg.cn/crop.0.0.720.720.180/0084ktG1ly8hesbreomr5j30k00k0dhp.jpg?KID=imgbed,tva&Expires=1712662642&ssig=P1K609vbyJ",åœˆå†…ä¸å«åº•è¾£å¦¹,https://weibo.com/u/7393048641,0
5020236892602815,21,5,1,å¹¿ä¸œ,"ğŸ‰ï¼š
1.è”¡å¾å¤é™¤éä»–ç°åœ¨æŠŠåˆçº¦å¤–ç­¾ç»™è¥¿å·´å…¬å¸ï¼Œå¦åˆ™æ²¡æ³•é—¯éŸ©ã€‚

2.èµµå¥•æ¬¢æ‹æˆç‰‡é…¬20~50ä¸‡çš„æ ·å­ã€‚

3.å´å¥‡éš†è½¬å¹•åè½¬çš„å¾ˆæˆåŠŸï¼Œæ‰€ä»¥è¿‘å‡ å¹´éƒ½æ²¡ä»€ä¹ˆæ¶ˆæ¯ï¼Œæ¯æ¬¡æœ‰æ¶ˆæ¯éƒ½æ˜¯è·Ÿåˆ˜è¯—è¯—å©šå˜çš„ä¼ é—»ï¼Œä»–ä¹ŸæŒºæ— å¥ˆçš„ã€‚

4.ä½•ç©—è‡ªå·±åº”è¯¥æƒ³æ¸…æ¥šäº†ï¼Œå¥¹ä¹‹å‰æŒºæƒ³ç»“å©šçš„ï¼Œè¿˜æ¬å»é¦™é¦™ä½äº†ï¼Œè¿™æ¬¡å¤åˆä»¥åæ²¡æœ‰å†åƒä¸Šæ¬¡ä¸€ â€‹",386,2024-04-06,æ˜æ˜Ÿ,https://weibo.com/5020236892602815/O8us9aV6T,"https://tvax3.sinaimg.cn/crop.0.0.720.720.180/a00ffd54ly8gdli2ki0tkj20k00k03z8.jpg?KID=imgbed,tva&Expires=1712662642&ssig=%2BU4of%2BOvIE",æ¸£ä¸€åˆ€,https://weibo.com/u/2685402452,0
5020864139498300,147,102,97,å››å·,æ—æ›´æ–°ä»¥å‰æ€¼æ¸£æµªï¼Œé‚£æ˜¯æŠŠå¾®åšå½“æœ‹å‹åœˆçš„å²æœˆ[å“ˆå“ˆ]å½“å¹´å°±æ˜¯ç®¡ä¸ä½å˜´å¤ªå—¨äº†ï¼Œæ‰€ä»¥åæ¥çƒ­æœç¿»è½¦ï¼Œæ²‰å¯‚äº†å¥½ä¸¤å¹´ï¼Œç°åœ¨å€Ÿè¿™èµµä¸½é¢–çš„å½±å“åŠ›ï¼Œå†æ¬¡ç¿»çº¢ â€‹,136,2024-04-08,æ˜æ˜Ÿ,https://weibo.com/5020864139498300/O8KLPDQWo,"https://tva2.sinaimg.cn/crop.90.25.351.351.180/a0091a8fjw8fbdj722vuyj20en0c50ux.jpg?KID=imgbed,tva&Expires=1712662644&ssig=LzA8nSylil",åœˆå†…å§å§,https://weibo.com/u/2684951183,0
5020902586057256,556,49,26,å¹¿ä¸œ,å¼ é¢‚æ–‡è¿™ä¸ªæ ·å­ï¼Œç”·ç²‰ä¸å¾—è¢«ä»–ææ­»å•Š â€‹,34,2024-04-08,æ˜æ˜Ÿ,https://weibo.com/5020902586057256/O8LLQppLG,"https://tvax2.sinaimg.cn/crop.0.0.1080.1080.180/005yrRy7gy8guv55zo849j60u00u0gmu02.jpg?KID=imgbed,tva&Expires=1712662644&ssig=pEWXVqOFPb",ç‹ç‰Œæ•™çˆ¶,https://weibo.com/u/5089700287,0
5020535067247278,109,69,1,æ¹–å—,èµµä¸½é¢–ä¸è°æ›´æœ‰cpæ„Ÿï¼Ÿ â€‹,20,2024-04-07,æ˜æ˜Ÿ,https://weibo.com/5020535067247278/O8Cd4uplA,"https://tvax4.sinaimg.cn/crop.0.0.500.500.180/008a7MlKly8h3a7ag0c3xj30dw0dwaaf.jpg?KID=imgbed,tva&Expires=1712662644&ssig=rnHovT38Wb",å¨±ä¹è¿½å‰§è‹±è‹±,https://weibo.com/u/7478680172,1
5020817936879604,2700,74,61,ç¾å›½,ç¥æˆ‘çš„@æˆé¾™ å¤§å“¥70å²ç”Ÿæ—¥å¿«ä¹ï¼ˆå“‡ï¼‰ï¼ï¼é™¤äº†æ‹æ‘„äº†ä¸€äº›æˆ‘ä¸€ç›´ä»¥æ¥æœ€å–œæ¬¢çš„ç”µå½±ï¼Œè¿˜æœ‰åˆ›é€ äº†å¾ˆå¤šçºµè§‚æ•´ä¸ªç”µå½±å²è€Œè¨€æœ€ç–¯ç‹‚çš„ç‰‡æ®µä¹‹å¤– - æˆ‘æœ€æ„Ÿè°¢çš„æ˜¯ä½ å¯¹Jadençš„æˆé•¿çš„å¸®åŠ©ã€‚åœ¨æ‹æ‘„ã€ŠåŠŸå¤«æ¢¦ã€‹çš„æ—¶å€™ï¼Œé‚£äº›å’Œä½ åœ¨åŒ—äº¬å…±åº¦çš„æ—¶å…‰ï¼Œç»™æˆ‘ä»¬æ•´ä¸ªå®¶åº­ç•™ä¸‹äº†æ°¸æ’çš„å°è®°ã€‚æˆ‘ä»¬å¸Œæœ›ä½ åœ¨æœªæ¥çš„ä¸€å¹´ä¸­èƒ½è·å¾—æ·±åšçš„ â€‹,707,2024-04-08,æ˜æ˜Ÿ,https://weibo.com/5020817936879604/O8JzjsRHm,"https://tvax4.sinaimg.cn/crop.0.0.1080.1080.180/007ZaLYyly8gn4gl6okd2j30u00u0wh6.jpg?KID=imgbed,tva&Expires=1712662644&ssig=ZAIegxv796",WillSmith_å¨å°”å²å¯†æ–¯,https://weibo.com/u/7316854022,0
5018003471597919,396831,55297,1000000,é‡åº†,#åœ¨äººé—´å¼€æœº# æ„å¢ƒé‡å ä¸‹æ½œè—å¾…è§£è°œé¢˜ã€‚æŒ£è„±æŸç¼šï¼Œä¸æ‰äººé—´ã€‚#åœ¨äººé—´# â€‹,65,2024-03-31,æ˜æ˜Ÿ,https://weibo.com/5018003471597919/O7ylR6HGT,"https://tvax4.sinaimg.cn/crop.0.0.720.720.180/001nd69sly1h9qe3n4ftuj60k00k0abh02.jpg?KID=imgbed,tva&Expires=1712662644&ssig=0qE8AKemsx",èµµä¸½é¢–,https://weibo.com/u/1259110474,0
5020961627701845,168,3,33,å¹¿ä¸œ,"ç‹çä¸¹
ç˜¦å°ä¸”è‚¥ç¾[èˆ”å±] â€‹",23,2024-04-08,æ˜æ˜Ÿ,https://weibo.com/5020961627701845/O8Nj4wjBj,"https://tvax4.sinaimg.cn/crop.0.0.750.750.180/0082G3I5ly8he778cw0c4j30ku0ku0u8.jpg?KID=imgbed,tva&Expires=1712662644&ssig=m9mmPoD8LB",å¤§éº»æºœ,https://weibo.com/u/7368639369,1
5020435916521869,6023,464,119,å››å·,å¥½ç›´è§‚...æœç„¶é¼»å­å†³å®šé¢œå€¼çš„ä¸‹é™ï¼æ˜æ˜ŸçœŸä¸æ˜¯è°éƒ½èƒ½å½“çš„ â€‹,53,2024-04-07,æ˜æ˜Ÿ,https://weibo.com/5020435916521869/O8zD9rmDr,"https://tvax1.sinaimg.cn/crop.0.0.512.512.180/622f2332ly8goegouszkcj20e80e80tl.jpg?KID=imgbed,tva&Expires=1712662644&ssig=YsrJt%2B2DZN",å°‘å¥³å›¤è´§æ—¥è®°,https://weibo.com/u/1647256370,0
5020964280602593,841,122,13,ä¸­å›½å°æ¹¾,ä¼—æ‰€å‘¨çŸ¥çš„åŸå› ï¼Œæ’­ä¸äº†ï¼Œå›å¤§é™†ä»¥åå†è¯´å§ï¼å“ˆå“ˆå“ˆå“ˆå“ˆï¼ â€‹,54,2024-04-08,æ˜æ˜Ÿ,https://weibo.com/5020964280602593/O8Nnm2wLf,"https://tvax4.sinaimg.cn/crop.0.0.512.512.180/002IsU5jly8ha13eyxb07j60e80e8mxs02.jpg?KID=imgbed,tva&Expires=1712662644&ssig=kGF5Z1MhK7",é»„å®‰,https://weibo.com/u/2489313225,0
5020909829623821,114,41,25,å¹¿ä¸œ,æ—æ›´æ–°ï¼Œæœ‰è¶£æœ‰æ¢—åˆè‚†æ— å¿Œæƒ®çš„çš„å˜´ä»…æ­¤ä¸€å¼ ï¼ â€‹,42,2024-04-08,æ˜æ˜Ÿ,https://weibo.com/5020909829623821/O8LXwEnAV,"https://tvax1.sinaimg.cn/crop.0.0.945.945.180/4dc1e592ly8hh6qu92bnvj20q90q9dk2.jpg?KID=imgbed,tva&Expires=1712662644&ssig=tEcEfcXxNN",ä¾ƒå¨˜,https://weibo.com/u/1304552850,0
5020246989870764,50,27,0,æµ™æ±Ÿ,3ä½å¸…å“¥ç”·æ˜æ˜ŸåŒæ¡†ï¼Œå¡Œäº†2ä¸ªï¼Œç‹é¹¤æ££è¦æ’‘ä½å•Šï¼ â€‹,44,2024-04-06,æ˜æ˜Ÿ,https://weibo.com/5020246989870764/O8uIqFpPS,"https://tvax3.sinaimg.cn/crop.0.0.642.642.180/0082PBjgly8hnfa1j7isvj30hu0hudgf.jpg?KID=imgbed,tva&Expires=1712662644&ssig=HGbcWCSf8X",æ— è¨€æŒ½æ¸…é£,https://weibo.com/u/7370913478,0
5020948253904626,227,232,208,æ²³å—,#ç¥å›çš„è„šæ˜¯è„šæ›¿å—#æœ‰ç½‘å‹çœ‹åˆ°ç¥å›è„šè¸©ç“·ç‰‡æ—¶è¯´ç¥å›çš„è„šæ˜¯è„šæ›¿ï¼Œè¿˜å¯¹æ¯”äº†æ—æ›´æ–°çš„å…¶ä»–ç…§ç‰‡æ¥éªŒè¯ï¼Œä½ æ€ä¹ˆçœ‹[æ€è€ƒ] â€‹,106,2024-04-08,æ˜æ˜Ÿ,https://weibo.com/5020948253904626/O8MXvgnLQ,"https://tvax4.sinaimg.cn/crop.0.0.512.512.180/681be6a4ly8g24o0naed9j20e80e8dg7.jpg?KID=imgbed,tva&Expires=1712662644&ssig=PizJ7ST0N8",é¥­åœˆé˜¿å§¨,https://weibo.com/u/1746658980,0
5021159181779631,84,38,3,å±±è¥¿,"å“å‘€ï¼Œä½ ä»¬å¬è¯´äº†å—ï¼Ÿå°ç¥å„¿æœ€è¿‘ç«Ÿç„¶ç»™å¦ˆå¦ˆå¤§Så†™äº†å°ä¿¡ï¼Œå†…å®¹å¯çœŸæ˜¯è®©äººææŠŠæ±—å•Šï¼ä¿¡ä¸­å¥¹æåˆ°äº†è‡ªå·±å› ä¸ºçˆ¶æ¯çš„çº è‘›è€Œé¢‘é¢‘åšå™©æ¢¦ï¼Œè¿åŒå­¦éƒ½å˜²ç¬‘å¥¹æœ‰ä¸ªâ€œå…‰å¤´â€å‡çˆ¸çˆ¸ã€‚æ¯å½“å¤œæ™šé™ä¸´ï¼Œé‚£äº›ææ€–çš„æ¢¦å¢ƒå°±åƒæ— å½¢çš„æ·é”ï¼Œç´§ç´§æŸç¼šç€å¥¹å¹¼å°çš„å¿ƒçµï¼Œè®©å¥¹æ— æ³•é€ƒè„±ã€‚
å°ç¥å„¿åœ¨ä¿¡é‡Œå¦è¯šåœ°å†™é“ï¼Œè™½ç„¶å¤–ç•Œéƒ½è¯´å¦ˆå¦ˆåª â€‹",1052,2024-04-09,æ˜æ˜Ÿ,https://weibo.com/5021159181779631/O8SrI7sXJ,"https://tvax3.sinaimg.cn/crop.0.0.1080.1080.180/97b96113ly8hoin3ob284j20u00u044c.jpg?KID=imgbed,tva&Expires=1712662644&ssig=yxHvLs6Lih",è¿½æ˜Ÿå¥³å­©ç‹çŒ«çŒ«,https://weibo.com/u/2545508627,1
5020893260808386,369,133,232,æ— ,#æ—æ›´æ–°æ—©æœŸå¾®åšå¤ªå¥½ç¬‘äº†##æ—æ›´æ–°çš„æ—©æœŸå¾®åš#æ—æ›´æ–°çš„æ—©æœŸå¾®åšå¤ªå¥½ç¬‘äº† â€‹,66,2024-04-08,æ˜æ˜Ÿ,https://weibo.com/5020893260808386/O8LwO3oiu,"https://tvax4.sinaimg.cn/crop.19.21.548.548.180/007482UFly8g4ftzfrddtj30gf0gf775.jpg?KID=imgbed,tva&Expires=1712662644&ssig=p93IlrYGws",å¶åƒæ—¥æŠ¥,https://weibo.com/u/6473952993,0
5021183353556197,99,35,25,å¹¿ä¸œ,39å²çš„å¤§Sç”Ÿå®Œå°ç¥å„¿ï¼Œé¦–æ¬¡å‚åŠ çº¢æ¯¯æ´»åŠ¨ï¼Œå†ç»ä¸€å¹´èº«ææ¢å¤å¦‚åˆã€‚ â€‹,61,2024-04-09,æ˜æ˜Ÿ,https://weibo.com/5021183353556197/O8T4HeV81,"https://tvax1.sinaimg.cn/crop.0.0.729.729.180/7e4b6f55ly8hb7sd1ft82j20k90k93zp.jpg?KID=imgbed,tva&Expires=1712662644&ssig=0DY9rmwjsY",è¿½æ˜Ÿè¯¾ä»£è¡¨,https://weibo.com/u/2118872917,0
5020991405952573,2588,125,54,å®‰å¾½,"ç¢ç¢å¿µï¼š
1.è‚–æˆ˜çš„å½±è§†èµ„æºæ˜æ˜¾åŒºåˆ«äºæµé‡å’–
ä»–çš„å½±è§†èµ„æºå¥½ï¼Œä½†å¹¶ä¸æ˜¯ç”¨æµé‡æ¢æ¥çš„ï¼Œè‡ªå¤æµé‡å°±æ¢ä¸æ¥èµ„æºï¼Œåªèƒ½æ¢æ¥å¤å¶S+ã€‚
ä»åˆä»£å››å¤§æµé‡ç®—èµ·ï¼Œé™¤äº†æ­ä¸Šäº¬åœˆæ¸¯åœˆçš„ç´ äººç”µé³—ï¼Œå…¶ä»–ä¸‰äººå¤å¶s+éšä¾¿æŒ‘ï¼Œä½†éå¤å¶çš„å¤§åˆ¶ä½œï¼Œéå¸¸éš¾ã€‚è¿™ç§æƒ…å†µä¸€ç›´æŒç»­åˆ°ç°åœ¨ã€‚

2.ä¹Ÿæ˜æ˜¾åŒºåˆ«äºèµ„æºå’–ã€‚
èµ„æºå’–çš„é¥¼å‡ ä¹ä¸ â€‹",1117,2024-04-08,æ˜æ˜Ÿ,https://weibo.com/5020991405952573/O8O56oYxf,"https://tvax3.sinaimg.cn/crop.0.0.996.996.180/005I2ilZly8gxh2z3ntnxj30ro0rojst.jpg?KID=imgbed,tva&Expires=1712662644&ssig=ZTj9oZ9tKP",é…’é¦†å··å­æ·±,https://weibo.com/u/5231370155,0
5020800220137306,161,30,26,æµ™æ±Ÿ,2004å¹´ï¼Œæˆé¾™æ…ˆå–„æ¯è½¦èµ›å¥³æ˜æ˜Ÿæ—§ç…§ï¼ŒäºŒåå¹´å‰ï¼Œä¸€å¤§å¸®å¥³æ˜æ˜Ÿæ¥ä¸Šæµ·å¼€èµ›è½¦ã€‚é‚£ä¸ªæ—¶å€™è¿˜èƒ½çœ‹å‡ºæ¥å¤§å®¶éƒ½æ˜¯é»„ç§äºº â€‹,102,2024-04-08,æ˜æ˜Ÿ,https://weibo.com/5020800220137306/O8J6K0zIC,"https://tvax4.sinaimg.cn/crop.0.0.1080.1080.180/006e5GHqly8h8ugf15lhuj30u00u03zh.jpg?KID=imgbed,tva&Expires=1712662644&ssig=pyZ%2FccGJO5",èŠ’æœæå°èŒä¸»,https://weibo.com/u/5705021476,0
5020283123794227,1071,172,4,å®‰å¾½,å¤§Så—åˆ°äº†æ±ªå°è²çš„æ”»å‡»ï¼Œé—ºèœœè´¾é™é›¯ç«™å‡ºæ¥æ”¯æŒå¥¹ã€‚è€Œè´¾é™é›¯ä»¥ä¸€ç§å˜²è®½çš„è¯­æ°”è¡¨ç¤º:â€œå†å©šäº†ï¼Œæœ‰ä»€ä¹ˆå¤§æƒŠå°æ€ªçš„?â€è¿™ç§è¨€è¾å¼•èµ·äº†å†…åœ°ç½‘å‹ä»¬çš„ä¸æ»¡ã€‚è™½ç„¶æä¾›æ”¯æŒæ˜¯æ­£ç¡®çš„ï¼Œä½†æ˜¯åŒæ—¶å˜²ç¬‘æ±ªå°è²æ˜¾ç„¶æœ‰å¤±å…¬å…! â€‹,190,2024-04-06,æ˜æ˜Ÿ,https://weibo.com/5020283123794227/O8vEIfV3d,"https://tvax3.sinaimg.cn/crop.0.0.750.750.180/007cM80Wly8halky7uytjj30ku0kujsu.jpg?KID=imgbed,tva&Expires=1712662644&ssig=%2FDyHrJZQ%2BE",ä½åœ¨æœˆäº®ä¸Šçš„æŸ æª¬ç²¾,https://weibo.com/u/6601716410,0
5020118977877465,110,44,25,å¹¿ä¸œ,è®ºå¤´å‘å¯¹éŸ©å›½ç”·æ˜æ˜Ÿé¢œå€¼çš„é‡è¦æ€§ã€‚ â€‹,32,2024-04-06,æ˜æ˜Ÿ,https://weibo.com/5020118977877465/O8rnXx3hT,"https://tvax2.sinaimg.cn/crop.0.0.1080.1080.180/006YPXw5ly8gn5vj641tij30u00u0q43.jpg?KID=imgbed,tva&Expires=1712662644&ssig=ZxhWWVDGTa",å¨±é—»èœ€é»,https://weibo.com/u/6395760665,0
